Date,Open,High,Low,Close,Prev_close,Change,%_change
2018-09-14,14.25,14.25,12.3225,13.8425,14.25,-0.41,-2.86
2018-09-17,13.8425,14.635,11.73,14.495,13.8425,0.65,4.71
2018-09-18,14.495,14.62,11.8725,14.415,14.495,-0.08,-0.55
2018-09-19,14.415,14.4775,11.745,14.005,14.415,-0.41,-2.84
2018-09-21,14.005,16.92,10.9825,15.535,14.005,1.53,10.92
2018-09-24,15.535,17.855,13.8025,17.4275,15.535,1.89,12.18
2018-09-25,17.4275,18.31,16.2175,16.6825,17.4275,-0.74,-4.27
2018-09-26,16.6825,17.575,15.1,17.0875,16.6825,0.4,2.43
2018-09-27,17.0875,17.37,15.6025,16.9225,17.0875,-0.16,-0.97
2018-09-28,16.9225,17.6925,15.925,16.995,16.9225,0.07,0.43
2018-10-01,16.995,18.8625,16.27,16.835,16.995,-0.16,-0.94
2018-10-03,16.835,18.6475,15.575,18.1175,16.835,1.28,7.62
2018-10-04,18.1175,19.685,17.485,18.915,18.1175,0.8,4.4
2018-10-05,18.915,20.4825,18.4525,19.7325,18.915,0.82,4.32
2018-10-08,19.7325,21.765,18.4775,20.1475,19.7325,0.41,2.1
2018-10-09,20.1475,20.3575,17.47,19.755,20.1475,-0.39,-1.95
2018-10-10,19.755,19.755,17.725,17.9075,19.755,-1.85,-9.35
2018-10-11,17.9075,20.845,17.6275,20.5475,17.9075,2.64,14.74
2018-10-12,20.5475,20.5475,16.6725,18.6275,20.5475,-1.92,-9.34
2018-10-15,18.6275,19.8225,15.9825,18.885,18.6275,0.26,1.38
2018-10-16,18.885,18.885,14.28,17.3725,18.885,-1.51,-8.01
2018-10-17,17.3725,18.2025,14.8425,17.98,17.3725,0.61,3.5
2018-10-19,17.98,20.0525,17.4475,19.7875,17.98,1.81,10.05
2018-10-22,19.7875,21.6725,17.08,21.3575,19.7875,1.57,7.93
2018-10-23,21.3575,22.3475,18.7625,19.0375,21.3575,-2.32,-10.86
2018-10-24,19.0375,19.81,17.7125,18.88,19.0375,-0.16,-0.83
2018-10-25,18.88,20.33,18.4975,18.9625,18.88,0.08,0.44
2018-10-26,18.9625,21.04,18.66,19.2325,18.9625,0.27,1.42
2018-10-29,19.2325,20.8125,19.2325,19.825,19.2325,0.59,3.08
2018-10-30,19.825,20.7725,19.55,20.5025,19.825,0.68,3.42
2018-10-31,20.5025,22.815,19.575,19.7975,20.5025,-0.71,-3.44
2018-11-01,19.7975,20.13,18.8975,19.1925,19.7975,-0.61,-3.06
2018-11-02,19.1925,19.1925,17.485,18.23,19.1925,-0.96,-5.01
2018-11-05,18.23,19.8225,17.735,19.4825,18.23,1.25,6.87
2018-11-06,19.4825,19.4825,16.18,18.505,19.4825,-0.98,-5.02
2018-11-07,18.505,18.505,16.81,17.8775,18.505,-0.63,-3.39
2018-11-09,17.8775,18.755,16.755,17.765,17.8775,-0.11,-0.63
2018-11-12,17.765,19.4625,16.475,19.3675,17.765,1.6,9.02
2018-11-13,19.3675,19.685,17.1225,18.695,19.3675,-0.67,-3.47
2018-11-14,18.695,19.5075,14.77,18.825,18.695,0.13,0.7
2018-11-15,18.825,18.915,15.4975,18.455,18.825,-0.37,-1.97
2018-11-16,18.455,18.8675,16.8975,18.35,18.455,-0.1,-0.57
2018-11-19,18.35,19.65,13.515,19.255,18.35,0.9,4.93
2018-11-20,19.255,19.6475,18.2525,19.3275,19.255,0.07,0.38
2018-11-21,19.3275,20.0975,15.54,19.555,19.3275,0.23,1.18
2018-11-22,19.555,20.0025,17.0875,19.16,19.555,-0.39,-2.02
2018-11-26,19.16,20.5275,15.0175,20.4025,19.16,1.24,6.48
2018-11-27,20.4025,20.4025,16.605,18.315,20.4025,-2.09,-10.23
2018-11-28,18.315,19.355,16.6725,17.96,18.315,-0.36,-1.94
2018-11-29,17.96,18.85,14.93,18.6975,17.96,0.74,4.11
2018-11-30,18.6975,19.915,16.81,19.1625,18.6975,0.46,2.49
2018-12-03,19.1625,19.605,16.31,18.2225,19.1625,-0.94,-4.91
2018-12-04,18.2225,19.62,16.905,18.1075,18.2225,-0.11,-0.63
2018-12-05,18.1075,18.8275,16.62,18.39,18.1075,0.28,1.56
2018-12-06,18.39,19.55,15.91,19.305,18.39,0.91,4.98
2018-12-07,19.305,19.6275,15.9825,18.59,19.305,-0.71,-3.7
2018-12-10,18.59,20.645,16.89,20.4375,18.59,1.85,9.94
2018-12-11,20.4375,20.4375,17.2025,17.945,20.4375,-2.49,-12.2
2018-12-12,17.945,17.945,15.4175,15.81,17.945,-2.13,-11.9
2018-12-13,15.81,15.905,11.9125,15.55,15.81,-0.26,-1.64
2018-12-14,15.55,15.5975,12.6725,15.1575,15.55,-0.39,-2.52
2018-12-17,15.1575,15.9125,13.8675,14.54,15.1575,-0.62,-4.07
2018-12-18,14.54,15.3125,11.9825,14.5775,14.54,0.04,0.26
2018-12-19,14.5775,14.865,11.87,14.66,14.5775,0.08,0.57
2018-12-20,14.66,14.9175,13.72,14.3325,14.66,-0.33,-2.23
2018-12-21,14.3325,16.23,12.94,15.9925,14.3325,1.66,11.58
2018-12-24,15.9925,17.1325,14.8975,15.75,15.9925,-0.24,-1.52
2018-12-26,15.75,17.4775,14.8075,15.92,15.75,0.17,1.08
2018-12-27,15.92,16.375,12.5625,16.0725,15.92,0.15,0.96
2018-12-28,16.0725,16.0725,15.015,15.27,16.0725,-0.8,-4.99
2018-12-31,15.27,16.1525,14.65,16.0,15.27,0.73,4.78
2019-01-01,16.0,16.4,15.15,15.325,16.0,-0.68,-4.22
2019-01-02,15.325,16.9475,14.8375,16.3875,15.325,1.06,6.93
2019-01-03,16.3875,17.1475,15.435,16.79,16.3875,0.4,2.46
2019-01-04,16.79,16.9725,15.485,16.1625,16.79,-0.63,-3.74
2019-01-07,16.1625,16.455,15.3025,16.3025,16.1625,0.14,0.87
2019-01-08,16.3025,16.5725,14.735,15.7,16.3025,-0.6,-3.7
2019-01-09,15.7,16.3225,13.895,15.27,15.7,-0.43,-2.74
2019-01-10,15.27,15.6075,14.1475,15.345,15.27,0.08,0.49
2019-01-11,15.345,15.83,14.3625,15.3525,15.345,0.01,0.05
2019-01-14,15.3525,16.5525,15.3525,16.1575,15.3525,0.8,5.24
2019-01-15,16.1575,16.1575,12.9925,15.5825,16.1575,-0.57,-3.56
2019-01-16,15.5825,16.3075,12.8,16.0775,15.5825,0.5,3.18
2019-01-17,16.0775,16.4275,12.9925,16.2425,16.0775,0.16,1.03
2019-01-18,16.2425,16.905,12.3075,16.6175,16.2425,0.38,2.31
2019-01-21,16.6175,18.34,14.36,18.1475,16.6175,1.53,9.21
2019-01-22,18.1475,18.4725,15.51,17.985,18.1475,-0.16,-0.9
2019-01-23,17.985,18.2875,12.015,18.085,17.985,0.1,0.56
2019-01-24,18.085,18.3775,14.5425,17.435,18.085,-0.65,-3.59
2019-01-25,17.435,18.14,14.365,17.69,17.435,0.26,1.46
2019-01-28,17.69,19.28,14.5875,18.8975,17.69,1.21,6.83
2019-01-29,18.8975,19.795,18.04,18.4275,18.8975,-0.47,-2.49
2019-01-30,18.4275,18.4275,15.9775,17.85,18.4275,-0.58,-3.13
2019-01-31,17.85,17.85,16.445,17.1225,17.85,-0.73,-4.08
2019-02-01,17.1225,17.185,15.545,15.72,17.1225,-1.4,-8.19
2019-02-04,15.72,16.4525,14.9675,15.7225,15.72,0.0,0.02
2019-02-05,15.7225,15.9775,14.605,15.78,15.7225,0.06,0.37
2019-02-06,15.78,15.9725,12.8325,15.63,15.78,-0.15,-0.95
2019-02-07,15.63,16.2225,13.5975,15.435,15.63,-0.2,-1.25
2019-02-08,15.435,15.815,12.9675,15.5675,15.435,0.13,0.86
2019-02-11,15.5675,16.355,13.46,15.84,15.5675,0.27,1.75
2019-02-12,15.84,15.975,13.23,15.75,15.84,-0.09,-0.57
2019-02-13,15.75,15.9025,11.81,15.73,15.75,-0.02,-0.13
2019-02-14,15.73,16.5775,12.09,15.7725,15.73,0.04,0.27
2019-02-15,15.7725,17.535,12.4475,16.46,15.7725,0.69,4.36
2019-02-18,16.46,18.1925,11.85,18.0,16.46,1.54,9.36
2019-02-19,18.0,18.605,15.2575,18.4675,18.0,0.47,2.6
2019-02-20,18.4675,18.4675,15.2375,17.055,18.4675,-1.41,-7.65
2019-02-21,17.055,17.1725,12.1275,16.0525,17.055,-1.0,-5.88
2019-02-22,16.0525,16.0525,12.315,15.45,16.0525,-0.6,-3.75
2019-02-25,15.45,16.035,11.7,15.3575,15.45,-0.09,-0.6
2019-02-26,15.3575,18.0975,13.12,17.115,15.3575,1.76,11.44
2019-02-27,17.115,19.9775,14.13,18.8975,17.115,1.78,10.41
2019-02-28,18.8975,18.8975,17.065,18.2775,18.8975,-0.62,-3.28
2019-03-01,18.2775,18.2775,15.895,16.275,18.2775,-2.0,-10.96
2019-03-05,16.275,16.86,15.45,15.6575,16.275,-0.62,-3.79
2019-03-06,15.6575,15.735,14.2875,15.61,15.6575,-0.05,-0.3
2019-03-07,15.61,15.6875,14.3125,15.2925,15.61,-0.32,-2.03
2019-03-08,15.2925,15.4125,12.92,14.94,15.2925,-0.35,-2.31
2019-03-11,14.94,15.38,13.67,14.895,14.94,-0.04,-0.3
2019-03-12,14.895,15.1975,13.84,15.0975,14.895,0.2,1.36
2019-03-13,15.0975,15.595,12.3,15.2775,15.0975,0.18,1.19
2019-03-14,15.2775,15.5225,13.7625,15.15,15.2775,-0.13,-0.83
2019-03-15,15.15,16.3925,11.845,15.865,15.15,0.71,4.72
2019-03-18,15.865,17.1875,14.2675,16.9,15.865,1.03,6.52
2019-03-19,16.9,17.1775,14.55,16.4925,16.9,-0.41,-2.41
2019-03-20,16.4925,16.4925,14.485,16.0325,16.4925,-0.46,-2.79
2019-03-22,16.0325,16.805,12.675,16.275,16.0325,0.24,1.51
2019-03-25,16.275,17.0275,14.2575,16.6725,16.275,0.4,2.44
2019-03-26,16.6725,16.6725,15.5175,16.485,16.6725,-0.19,-1.12
2019-03-27,16.485,17.4225,14.545,17.0475,16.485,0.56,3.41
2019-03-28,17.0475,17.3325,15.75,16.6525,17.0475,-0.39,-2.32
2019-03-29,16.6525,17.43,16.2375,17.185,16.6525,0.53,3.2
2019-04-01,17.185,18.22,17.185,18.005,17.185,0.82,4.77
2019-04-02,18.005,18.5525,17.44,18.0825,18.005,0.08,0.43
2019-04-03,18.0825,18.8825,17.29,18.7825,18.0825,0.7,3.87
2019-04-04,18.7825,19.325,18.25,18.65,18.7825,-0.13,-0.71
2019-04-05,18.65,19.075,16.7625,18.3925,18.65,-0.26,-1.38
2019-04-08,18.3925,20.4575,18.3925,20.1525,18.3925,1.76,9.57
2019-04-09,20.1525,20.6625,16.55,20.28,20.1525,0.13,0.63
2019-04-10,20.28,21.28,18.7,21.13,20.28,0.85,4.19
2019-04-11,21.13,21.34,19.4125,20.9575,21.13,-0.17,-0.82
2019-04-12,20.9575,21.3025,18.675,20.9975,20.9575,0.04,0.19
2019-04-15,20.9975,22.24,18.76,21.3875,20.9975,0.39,1.86
2019-04-16,21.3875,21.885,19.6725,21.6925,21.3875,0.3,1.43
2019-04-18,21.6925,23.045,18.5,22.735,21.6925,1.04,4.81
2019-04-22,22.735,24.5625,20.4075,24.05,22.735,1.32,5.78
2019-04-23,24.05,26.3175,22.7775,24.645,24.05,0.59,2.47
2019-04-24,24.645,25.125,23.445,23.7125,24.645,-0.93,-3.78
2019-04-25,23.7125,25.535,22.7275,23.2325,23.7125,-0.48,-2.02
2019-04-26,23.2325,23.9625,21.4325,21.7175,23.2325,-1.52,-6.52
2019-04-30,21.7175,22.775,20.76,21.8275,21.7175,0.11,0.51
2019-05-02,21.8275,23.265,21.7675,22.9825,21.8275,1.16,5.29
2019-05-03,22.9825,24.1525,21.0975,24.0325,22.9825,1.05,4.57
2019-05-06,24.0325,27.835,19.74,26.4325,24.0325,2.4,9.99
2019-05-07,26.4325,26.81,23.0925,26.4775,26.4325,0.04,0.17
2019-05-08,26.4775,27.025,23.245,26.365,26.4775,-0.11,-0.42
2019-05-09,26.365,26.495,23.485,25.485,26.365,-0.88,-3.34
2019-05-10,25.485,26.525,24.535,26.335,25.485,0.85,3.34
2019-05-13,26.335,28.0625,23.7125,27.3825,26.335,1.05,3.98
2019-05-14,27.3825,27.76,22.39,27.1325,27.3825,-0.25,-0.91
2019-05-15,27.1325,29.0825,23.18,28.6575,27.1325,1.52,5.62
2019-05-16,28.6575,29.3275,23.7825,28.37,28.6575,-0.29,-1.0
2019-05-17,28.37,29.2325,25.4975,28.075,28.37,-0.3,-1.04
2019-05-20,28.075,28.075,19.76,23.675,28.075,-4.4,-15.67
2019-05-21,23.675,28.1025,20.2425,25.6525,23.675,1.98,8.35
2019-05-22,25.6525,30.1825,19.04,27.6325,25.6525,1.98,7.72
2019-05-23,27.6325,27.6325,18.9575,19.405,27.6325,-8.23,-29.77
2019-05-24,19.405,19.405,14.4925,16.4675,19.405,-2.94,-15.14
2019-05-27,16.4675,17.335,13.48,16.19,16.4675,-0.28,-1.69
2019-05-28,16.19,16.54,15.38,15.9225,16.19,-0.27,-1.65
2019-05-29,15.9225,16.5075,14.4775,16.4075,15.9225,0.48,3.05
2019-05-30,16.4075,16.4075,14.8525,15.61,16.4075,-0.8,-4.86
2019-05-31,15.61,16.7875,14.19,16.0675,15.61,0.46,2.93
2019-06-03,16.0675,16.2325,14.075,15.9675,16.0675,-0.1,-0.62
2019-06-04,15.9675,15.9675,14.6675,15.6275,15.9675,-0.34,-2.13
2019-06-06,15.6275,15.925,13.975,15.525,15.6275,-0.1,-0.66
2019-06-07,15.525,15.73,13.6275,14.8575,15.525,-0.67,-4.3
2019-06-10,14.8575,15.4525,13.4475,14.975,14.8575,0.12,0.79
2019-06-11,14.975,14.975,13.48,14.49,14.975,-0.48,-3.24
2019-06-12,14.49,14.71,13.31,14.1225,14.49,-0.37,-2.54
2019-06-13,14.1225,14.2925,13.2775,13.66,14.1225,-0.46,-3.27
2019-06-14,13.66,14.1175,12.6425,13.895,13.66,0.23,1.72
2019-06-17,13.895,14.96,13.52,14.65,13.895,0.76,5.43
2019-06-18,14.65,14.97,11.7375,14.6,14.65,-0.05,-0.34
2019-06-19,14.6,15.3,10.79,14.73,14.6,0.13,0.89
2019-06-20,14.73,15.1875,12.835,14.0,14.73,-0.73,-4.96
2019-06-21,14.0,14.8325,10.6025,14.61,14.0,0.61,4.36
2019-06-24,14.61,15.665,11.855,15.2225,14.61,0.61,4.19
2019-06-25,15.2225,15.585,14.9275,15.01,15.2225,-0.21,-1.4
2019-06-26,15.01,15.195,14.39,14.75,15.01,-0.26,-1.73
2019-06-27,14.75,14.8875,13.6475,14.645,14.75,-0.11,-0.71
2019-06-28,14.645,15.0725,13.995,14.9525,14.645,0.31,2.1
2019-07-01,14.9525,15.02,14.4725,14.6025,14.9525,-0.35,-2.34
2019-07-02,14.6025,14.8325,14.025,14.25,14.6025,-0.35,-2.41
2019-07-03,14.25,14.32,13.52,13.695,14.25,-0.55,-3.89
2019-07-04,13.695,13.695,13.0125,13.53,13.695,-0.17,-1.2
2019-07-05,13.53,13.965,12.665,13.065,13.53,-0.46,-3.44
2019-07-08,13.065,14.0425,12.1075,13.8525,13.065,0.79,6.03
2019-07-09,13.8525,14.22,13.3525,13.6875,13.8525,-0.16,-1.19
2019-07-10,13.6875,13.9625,12.395,13.635,13.6875,-0.05,-0.38
2019-07-11,13.635,13.635,12.1775,12.47,13.635,-1.16,-8.54
2019-07-12,12.47,12.55,11.55,11.9975,12.47,-0.47,-3.79
2019-07-15,11.9975,12.5175,10.6425,12.02,11.9975,0.02,0.19
2019-07-16,12.02,12.02,11.0625,11.56,12.02,-0.46,-3.83
2019-07-17,11.56,11.91,9.1625,11.8,11.56,0.24,2.08
2019-07-18,11.8,11.9825,9.2225,11.75,11.8,-0.05,-0.42
2019-07-19,11.75,12.675,10.5925,12.515,11.75,0.77,6.51
2019-07-22,12.515,13.4025,11.5625,13.01,12.515,0.49,3.96
2019-07-23,13.01,13.78,11.59,13.4275,13.01,0.42,3.21
2019-07-24,13.4275,14.4825,11.85,12.76,13.4275,-0.67,-4.97
2019-07-25,12.76,13.55,11.9975,12.635,12.76,-0.13,-0.98
2019-07-26,12.635,13.31,11.9225,12.1325,12.635,-0.5,-3.98
2019-07-29,12.1325,13.5325,12.0375,13.0625,12.1325,0.93,7.67
2019-07-30,13.0625,13.8675,12.5,13.6125,13.0625,0.55,4.21
2019-07-31,13.6125,14.545,13.415,13.59,13.6125,-0.02,-0.17
2019-08-01,13.59,15.28,13.2725,14.5575,13.59,0.97,7.12
2019-08-02,14.5575,16.1575,14.435,15.1875,14.5575,0.63,4.33
2019-08-05,15.1875,17.82,15.1875,16.585,15.1875,1.4,9.2
2019-08-06,16.585,16.785,15.5925,16.12,16.585,-0.46,-2.8
2019-08-07,16.12,16.9125,15.7375,16.74,16.12,0.62,3.85
2019-08-08,16.74,16.74,15.515,16.0925,16.74,-0.65,-3.87
2019-08-09,16.0925,16.1625,15.0275,15.845,16.0925,-0.25,-1.54
2019-08-13,15.845,18.005,15.1175,17.7775,15.845,1.93,12.2
2019-08-14,17.7775,17.7775,16.11,16.3575,17.7775,-1.42,-7.99
2019-08-16,16.3575,17.4275,15.9925,16.6475,16.3575,0.29,1.77
2019-08-19,16.6475,17.025,14.71,16.7475,16.6475,0.1,0.6
2019-08-20,16.7475,17.095,15.105,16.6325,16.7475,-0.11,-0.69
2019-08-21,16.6325,17.3275,14.0,17.0225,16.6325,0.39,2.34
2019-08-22,17.0225,18.1225,14.4925,17.8525,17.0225,0.83,4.88
2019-08-23,17.8525,18.2625,13.7025,17.3475,17.8525,-0.5,-2.83
2019-08-26,17.3475,19.145,13.7,16.655,17.3475,-0.69,-3.99
2019-08-27,16.655,16.8325,14.42,16.01,16.655,-0.64,-3.87
2019-08-28,16.01,17.375,14.12,16.835,16.01,0.82,5.15
2019-08-29,16.835,17.445,13.8725,16.425,16.835,-0.41,-2.44
2019-08-30,16.425,17.375,15.19,16.2825,16.425,-0.14,-0.87
2019-09-03,16.2825,18.27,16.2825,18.055,16.2825,1.77,10.89
2019-09-04,18.055,18.31,17.1275,17.235,18.055,-0.82,-4.54
2019-09-05,17.235,17.7025,16.0575,17.2725,17.235,0.04,0.22
2019-09-06,17.2725,17.2725,15.885,16.275,17.2725,-1.0,-5.78
2019-09-09,16.275,16.6425,13.665,15.8525,16.275,-0.42,-2.6
2019-09-11,15.8525,15.8525,14.6475,15.3725,15.8525,-0.48,-3.03
2019-09-12,15.3725,15.3725,14.6075,14.9,15.3725,-0.47,-3.07
2019-09-13,14.9,15.195,13.8875,14.12,14.9,-0.78,-5.23
2019-09-16,14.12,15.3075,14.1175,14.9525,14.12,0.83,5.9
2019-09-17,14.9525,16.3075,13.2775,16.0175,14.9525,1.06,7.12
2019-09-18,16.0175,16.1875,13.905,15.3525,16.0175,-0.66,-4.15
2019-09-19,15.3525,15.965,14.1775,15.55,15.3525,0.2,1.29
2019-09-20,15.55,17.045,13.8275,15.4,15.55,-0.15,-0.96
2019-09-23,15.4,17.64,14.21,16.7925,15.4,1.39,9.04
2019-09-24,16.7925,18.5325,15.8975,16.7325,16.7925,-0.06,-0.36
2019-09-25,16.7325,17.415,14.1025,16.17,16.7325,-0.56,-3.36
2019-09-26,16.17,17.01,13.64,16.3425,16.17,0.17,1.07
2019-09-27,16.3425,16.8175,15.9275,16.115,16.3425,-0.23,-1.39
2019-09-30,16.115,16.51,15.8,15.8725,16.115,-0.24,-1.5
2019-10-01,15.8725,18.2175,14.9475,16.7575,15.8725,0.88,5.58
2019-10-03,16.7575,18.045,16.4175,17.7025,16.7575,0.95,5.64
2019-10-04,17.7025,17.945,16.3475,17.58,17.7025,-0.12,-0.69
2019-10-07,17.58,18.4275,16.9925,17.83,17.58,0.25,1.42
2019-10-09,17.83,18.3275,16.335,17.155,17.83,-0.67,-3.79
2019-10-10,17.155,17.54,15.7275,17.2275,17.155,0.07,0.42
2019-10-11,17.2275,18.28,15.7775,17.14,17.2275,-0.09,-0.51
2019-10-14,17.14,17.9625,17.0625,17.43,17.14,0.29,1.69
2019-10-15,17.43,17.43,16.6925,16.85,17.43,-0.58,-3.33
2019-10-16,16.85,16.9525,15.495,16.36,16.85,-0.49,-2.91
2019-10-17,16.36,16.36,15.5175,15.8775,16.36,-0.48,-2.95
2019-10-18,15.8775,16.1525,14.99,15.9275,15.8775,0.05,0.31
2019-10-22,15.9275,17.1225,13.5725,16.81,15.9275,0.88,5.54
2019-10-23,16.81,16.85,14.83,16.535,16.81,-0.27,-1.64
2019-10-24,16.535,16.78,14.7125,16.24,16.535,-0.3,-1.78
2019-10-25,16.24,16.24,15.195,15.315,16.24,-0.92,-5.7
2019-10-27,16.24,16.24,13.9825,15.585,16.24,-0.65,-4.03
2019-10-29,15.585,16.5475,15.4975,16.42,15.585,0.84,5.36
2019-10-30,16.42,16.845,16.2525,16.6575,16.42,0.24,1.45
2019-10-31,16.6575,16.795,15.5025,16.28,16.6575,-0.38,-2.27
2019-11-01,16.28,16.4725,15.1675,15.7325,16.28,-0.55,-3.36
2019-11-04,15.7325,16.365,13.495,15.925,15.7325,0.19,1.22
2019-11-05,15.925,16.34,13.5075,15.9175,15.925,-0.01,-0.05
2019-11-06,15.9175,16.1525,13.3825,15.775,15.9175,-0.14,-0.9
2019-11-07,15.775,15.9225,13.525,15.2075,15.775,-0.57,-3.6
2019-11-08,15.2075,15.99,13.71,15.855,15.2075,0.65,4.26
2019-11-11,15.855,16.765,15.195,16.25,15.855,0.39,2.49
2019-11-13,16.25,16.67,14.4725,16.4625,16.25,0.21,1.31
2019-11-14,16.4625,16.4625,14.0925,15.65,16.4625,-0.81,-4.94
2019-11-15,15.65,15.65,12.5225,15.03,15.65,-0.62,-3.96
2019-11-18,15.03,16.065,12.665,15.755,15.03,0.73,4.82
2019-11-19,15.755,15.755,12.61,15.4125,15.755,-0.34,-2.17
2019-11-20,15.4125,15.4125,11.6075,15.16,15.4125,-0.25,-1.64
2019-11-21,15.16,15.595,12.61,14.975,15.16,-0.19,-1.22
2019-11-22,14.975,15.8775,12.2375,14.8725,14.975,-0.1,-0.68
2019-11-25,14.8725,15.2125,13.0,15.0025,14.8725,0.13,0.87
2019-11-26,15.0025,15.1275,13.1075,14.8375,15.0025,-0.16,-1.1
2019-11-27,14.8375,14.8375,12.3575,14.6175,14.8375,-0.22,-1.48
2019-11-28,14.6175,14.6175,12.8875,13.9875,14.6175,-0.63,-4.31
2019-11-29,13.9875,14.2925,13.14,13.8975,13.9875,-0.09,-0.64
2019-12-02,13.8975,15.845,13.4975,14.2025,13.8975,0.3,2.19
2019-12-03,14.2025,16.3425,12.07,14.5625,14.2025,0.36,2.53
2019-12-04,14.5625,15.8725,12.2625,13.3225,14.5625,-1.24,-8.52
2019-12-05,13.3225,15.12,12.8275,14.305,13.3225,0.98,7.37
2019-12-06,14.305,14.7225,11.4075,13.64,14.305,-0.66,-4.65
2019-12-09,13.64,15.3625,12.465,14.5975,13.64,0.96,7.02
2019-12-10,14.5975,15.6625,11.735,14.29,14.5975,-0.31,-2.11
2019-12-11,14.29,14.4475,11.71,13.3775,14.29,-0.91,-6.39
2019-12-12,13.3775,13.765,11.825,13.3475,13.3775,-0.03,-0.22
2019-12-13,13.3475,14.67,12.185,13.3,13.3475,-0.05,-0.36
2019-12-16,13.3,14.11,12.5,13.415,13.3,0.11,0.86
2019-12-17,13.415,13.425,11.955,12.5175,13.415,-0.9,-6.69
2019-12-18,12.5175,12.715,11.39,12.3375,12.5175,-0.18,-1.44
2019-12-19,12.3375,12.415,11.325,12.1225,12.3375,-0.21,-1.74
2019-12-20,12.1225,12.7325,11.9025,12.325,12.1225,0.2,1.67
2019-12-23,12.325,14.505,10.695,11.9575,12.325,-0.37,-2.98
2019-12-24,11.9575,13.31,10.8875,11.625,11.9575,-0.33,-2.78
2019-12-26,11.625,12.3475,10.8425,11.1225,11.625,-0.5,-4.32
2019-12-27,11.1225,11.4675,10.425,10.525,11.1225,-0.6,-5.37
2019-12-30,10.525,11.4525,9.6175,11.0075,10.525,0.48,4.58
2019-12-31,11.0075,11.7925,10.44,11.6675,11.0075,0.66,6.0
2020-01-01,11.6675,11.73,11.085,11.5975,11.6675,-0.07,-0.6
2020-01-02,11.5975,11.7,10.73,11.49,11.5975,-0.11,-0.93
2020-01-03,11.49,12.94,10.685,12.695,11.49,1.21,10.49
2020-01-06,12.695,15.095,12.695,14.7775,12.695,2.08,16.4
2020-01-07,14.7775,14.9125,14.4625,14.61,14.7775,-0.17,-1.13
2020-01-08,14.61,16.3875,13.7925,15.64,14.61,1.03,7.05
2020-01-09,15.64,15.64,12.995,13.9975,15.64,-1.64,-10.5
2020-01-10,13.9975,14.245,13.1775,14.0775,13.9975,0.08,0.57
2020-01-13,14.0775,14.495,13.5775,14.275,14.0775,0.2,1.4
2020-01-14,14.275,14.275,13.0625,13.9125,14.275,-0.36,-2.54
2020-01-15,13.9125,14.4575,13.585,14.12,13.9125,0.21,1.49
2020-01-16,14.12,14.365,12.5975,14.1825,14.12,0.06,0.44
2020-01-17,14.1825,14.53,12.5025,14.1275,14.1825,-0.05,-0.39
2020-01-20,14.1275,15.495,12.465,15.41,14.1275,1.28,9.08
2020-01-21,15.41,16.04,15.0725,15.8625,15.41,0.45,2.94
2020-01-22,15.8625,16.61,15.3575,16.36,15.8625,0.5,3.14
2020-01-23,16.36,16.7075,15.7775,15.855,16.36,-0.5,-3.09
2020-01-24,15.855,16.215,14.5925,15.56,15.855,-0.29,-1.86
2020-01-27,15.56,17.34,14.6825,17.175,15.56,1.62,10.38
2020-01-28,17.175,17.615,16.9575,17.2975,17.175,0.12,0.71
2020-01-29,17.2975,17.2975,15.6525,16.4975,17.2975,-0.8,-4.62
2020-01-30,16.4975,17.14,15.38,16.7975,16.4975,0.3,1.82
2020-01-31,16.7975,17.59,14.9025,17.3675,16.7975,0.57,3.39
2020-02-01,17.3675,17.93,16.0325,16.835,17.3675,-0.53,-3.07
2020-02-03,16.835,17.03,15.4825,15.7825,16.835,-1.05,-6.25
2020-02-04,15.7825,15.7825,14.31,14.38,15.7825,-1.4,-8.89
2020-02-05,14.38,14.525,13.8175,14.1725,14.38,-0.21,-1.44
2020-02-06,14.1725,14.2425,12.645,13.78,14.1725,-0.39,-2.77
2020-02-07,13.78,13.9925,12.975,13.7475,13.78,-0.03,-0.24
2020-02-10,13.7475,14.6,12.965,14.21,13.7475,0.46,3.36
2020-02-11,14.21,14.21,11.375,13.88,14.21,-0.33,-2.32
2020-02-12,13.88,13.88,13.1475,13.6225,13.88,-0.26,-1.86
2020-02-13,13.6225,13.6725,11.8,13.37,13.6225,-0.25,-1.85
2020-02-14,13.37,13.9875,11.9025,13.615,13.37,0.25,1.83
2020-02-17,13.615,14.6175,13.38,14.415,13.615,0.8,5.88
2020-02-18,14.415,14.82,11.375,14.51,14.415,0.1,0.66
2020-02-19,14.51,14.51,13.4825,14.0225,14.51,-0.49,-3.36
2020-02-20,14.0225,14.0275,10.165,13.7,14.0225,-0.32,-2.3
2020-02-24,13.7,17.375,12.295,16.9975,13.7,3.3,24.07
2020-02-25,16.9975,17.3175,15.62,16.8975,16.9975,-0.1,-0.59
2020-02-26,16.8975,18.865,16.5025,18.26,16.8975,1.36,8.06
2020-02-27,18.26,19.155,16.8275,17.765,18.26,-0.5,-2.71
2020-02-28,17.765,23.6975,17.4825,23.235,17.765,5.47,30.79
2020-03-02,23.235,26.3425,19.92,25.2025,23.235,1.97,8.47
2020-03-03,25.2025,26.49,21.5425,24.5425,25.2025,-0.66,-2.62
2020-03-04,24.5425,26.2875,22.425,24.225,24.5425,-0.32,-1.29
2020-03-05,24.225,24.225,22.125,23.2475,24.225,-0.98,-4.04
2020-03-06,23.2475,27.55,23.2475,25.6425,23.2475,2.39,10.3
2020-03-09,25.6425,34.355,21.425,30.8,25.6425,5.16,20.11
2020-03-11,30.8,33.2375,29.65,31.555,30.8,0.75,2.45
2020-03-12,31.555,42.3275,29.81,41.1625,31.555,9.61,30.45
2020-03-13,41.1625,59.4825,41.1625,51.4725,41.1625,10.31,25.05
2020-03-16,51.4725,59.865,51.4725,58.875,51.4725,7.4,14.38
2020-03-17,58.875,63.44,57.25,62.925,58.875,4.05,6.88
2020-03-18,62.925,64.5775,61.1525,63.955,62.925,1.03,1.64
2020-03-19,63.955,73.3425,63.095,72.1975,63.955,8.24,12.89
2020-03-20,72.1975,72.965,65.38,67.1,72.1975,-5.1,-7.06
2020-03-23,67.1,73.3675,66.3175,71.985,67.1,4.89,7.28
2020-03-24,71.985,86.635,71.985,83.6075,71.985,11.62,16.15
2020-03-25,83.6075,84.5975,75.9725,77.625,83.6075,-5.98,-7.16
2020-03-26,77.625,79.405,70.675,71.5325,77.625,-6.09,-7.85
2020-03-27,71.5325,73.03,65.6325,70.385,71.5325,-1.15,-1.6
2020-03-30,70.385,73.365,70.28,71.89,70.385,1.5,2.14
2020-03-31,71.89,71.89,63.6075,64.4075,71.89,-7.48,-10.41
2020-04-01,64.4075,64.4075,59.78,60.0525,64.4075,-4.35,-6.76
2020-04-03,60.0525,60.59,54.9,55.3025,60.0525,-4.75,-7.91
2020-04-07,55.3025,55.3025,49.9425,51.8,55.3025,-3.5,-6.33
2020-04-08,51.8,53.7325,46.975,52.2425,51.8,0.44,0.85
2020-04-09,52.2425,52.2425,46.9025,49.745,52.2425,-2.5,-4.78
2020-04-13,49.745,52.4925,43.635,51.4575,49.745,1.71,3.44
2020-04-15,51.4575,51.4575,44.6475,49.735,51.4575,-1.72,-3.35
2020-04-16,49.735,49.735,42.255,46.095,49.735,-3.64,-7.32
2020-04-17,46.095,46.095,40.305,42.5925,46.095,-3.5,-7.6
2020-04-20,42.5925,44.0375,40.295,43.455,42.5925,0.86,2.03
2020-04-21,43.455,45.9625,36.215,45.1975,43.455,1.74,4.01
2020-04-22,45.1975,45.425,40.465,42.8225,45.1975,-2.38,-5.25
2020-04-23,42.8225,42.8225,36.9975,39.23,42.8225,-3.59,-8.39
2020-04-24,39.23,39.9475,34.9825,39.1175,39.23,-0.11,-0.29
2020-04-27,39.1175,40.1675,35.2125,38.0425,39.1175,-1.08,-2.75
2020-04-28,38.0425,41.9125,35.0675,35.355,38.0425,-2.69,-7.06
2020-04-29,35.355,35.355,31.4825,33.8375,35.355,-1.52,-4.29
2020-04-30,33.8375,34.2525,32.535,33.9875,33.8375,0.15,0.44
2020-05-04,33.9875,43.92,33.9875,43.67,33.9875,9.68,28.49
2020-05-05,43.67,43.865,38.1475,43.6075,43.67,-0.06,-0.14
2020-05-06,43.6075,43.63,40.1975,41.2475,43.6075,-2.36,-5.41
2020-05-07,41.2475,41.715,39.6575,39.93,41.2475,-1.32,-3.19
2020-05-08,39.93,39.93,36.5475,38.4075,39.93,-1.52,-3.81
2020-05-11,38.4075,38.495,36.9475,38.0375,38.4075,-0.37,-0.96
2020-05-12,38.0375,38.8125,35.245,38.205,38.0375,0.17,0.44
2020-05-13,38.205,39.0475,33.44,38.835,38.205,0.63,1.65
2020-05-14,38.835,38.835,35.795,38.1825,38.835,-0.65,-1.68
2020-05-15,38.1825,38.46,34.055,38.0175,38.1825,-0.16,-0.43
2020-05-18,38.0175,41.245,27.935,40.915,38.0175,2.9,7.62
2020-05-19,40.915,40.915,37.9525,39.4525,40.915,-1.46,-3.57
2020-05-20,39.4525,39.4525,34.095,35.81,39.4525,-3.64,-9.23
2020-05-21,35.81,35.81,32.575,32.985,35.81,-2.83,-7.89
2020-05-22,32.985,34.36,26.335,32.3775,32.985,-0.61,-1.84
2020-05-26,32.3775,33.21,30.9725,31.47,32.3775,-0.91,-2.8
2020-05-27,31.47,32.015,28.855,31.2725,31.47,-0.2,-0.63
2020-05-28,31.2725,31.2725,29.195,30.0175,31.2725,-1.26,-4.01
2020-05-29,30.0175,30.5675,27.41,30.22,30.0175,0.2,0.67
2020-06-01,30.22,32.1725,28.8325,30.7425,30.22,0.52,1.73
2020-06-02,30.7425,30.9175,27.9025,30.115,30.7425,-0.63,-2.04
2020-06-03,30.115,30.4025,29.335,30.0425,30.115,-0.07,-0.24
2020-06-04,30.0425,30.265,28.45,29.69,30.0425,-0.35,-1.17
2020-06-05,29.69,29.69,25.92,28.68,29.69,-1.01,-3.4
2020-06-08,28.68,30.145,27.7975,29.6475,28.68,0.97,3.37
2020-06-09,29.6475,30.34,27.24,30.205,29.6475,0.56,1.88
2020-06-10,30.205,30.205,28.7275,29.4375,30.205,-0.77,-2.54
2020-06-11,29.4375,30.42,28.39,29.66,29.4375,0.22,0.76
2020-06-12,29.66,32.875,29.66,30.8225,29.66,1.16,3.92
2020-06-15,30.8225,33.7775,29.915,32.5775,30.8225,1.75,5.69
2020-06-16,32.5775,35.3125,30.4075,32.965,32.5775,0.39,1.19
2020-06-17,32.965,34.0175,29.05,33.355,32.965,0.39,1.18
2020-06-18,33.355,33.4225,31.2175,31.455,33.355,-1.9,-5.7
2020-06-19,31.455,31.9125,29.6775,29.965,31.455,-1.49,-4.74
2020-06-22,29.965,30.9825,29.965,30.46,29.965,0.5,1.65
2020-06-23,30.46,31.1475,29.2425,29.34,30.46,-1.12,-3.68
2020-06-24,29.34,30.53,27.79,29.5775,29.34,0.24,0.81
2020-06-25,29.5775,31.285,29.0575,29.7275,29.5775,0.15,0.51
2020-06-26,29.7275,30.065,28.315,28.735,29.7275,-0.99,-3.34
2020-06-29,28.735,30.45,27.98,28.91,28.735,0.18,0.61
2020-06-30,28.91,29.6325,28.405,29.1175,28.91,0.21,0.72
2020-07-01,29.1175,29.1625,27.9375,28.1175,29.1175,-1.0,-3.43
2020-07-02,28.1175,28.1175,26.315,26.5075,28.1175,-1.61,-5.73
2020-07-03,26.5075,26.775,25.6275,25.7675,26.5075,-0.74,-2.79
2020-07-06,25.7675,26.175,24.5425,25.1975,25.7675,-0.57,-2.21
2020-07-07,25.1975,25.645,24.24,25.1025,25.1975,-0.1,-0.38
2020-07-08,25.1025,26.355,25.03,26.1,25.1025,1.0,3.97
2020-07-09,26.1,27.6575,24.735,24.9125,26.1,-1.19,-4.55
2020-07-10,24.9125,25.4775,23.485,24.9425,24.9125,0.03,0.12
2020-07-13,24.9425,25.9075,22.805,25.2525,24.9425,0.31,1.24
2020-07-14,25.2525,27.265,25.2525,26.6375,25.2525,1.38,5.48
2020-07-21,24.7125,24.7125,23.725,24.4275,24.7125,-0.29,-1.15
2020-07-22,24.4275,25.8025,23.73,24.885,24.4275,0.46,1.87
2020-07-23,24.885,24.935,24.0075,24.64,24.885,-0.25,-0.98
2020-07-24,24.64,25.295,22.7375,24.535,24.64,-0.11,-0.43
2020-07-27,24.535,25.7175,23.29,25.0175,24.535,0.48,1.97
2020-07-28,25.0175,25.215,23.545,23.6425,25.0175,-1.38,-5.5
2020-07-29,23.6425,24.4975,23.6425,24.1125,23.6425,0.47,1.99
2020-07-30,24.1125,25.1425,22.09,24.7275,24.1125,0.61,2.55
2020-07-31,24.7275,25.3725,23.9675,24.1925,24.7275,-0.54,-2.16
2020-08-03,24.1925,25.69,23.2625,25.185,24.1925,0.99,4.1
2020-08-04,25.185,25.185,23.555,23.815,25.185,-1.37,-5.44
2020-08-05,23.815,23.9325,21.825,23.5675,23.815,-0.25,-1.04
2020-08-06,23.5675,23.705,22.525,23.15,23.5675,-0.42,-1.77
2020-08-07,23.15,23.31,21.755,22.5775,23.15,-0.57,-2.47
2020-08-10,22.5775,23.015,21.4525,22.51,22.5775,-0.07,-0.3
2020-08-11,22.51,22.51,20.215,21.36,22.51,-1.15,-5.11
2020-08-12,21.36,21.9225,16.85,20.845,21.36,-0.52,-2.41
2020-08-13,20.845,21.19,19.46,20.5675,20.845,-0.28,-1.33
2020-08-14,20.5675,22.97,16.34,21.6725,20.5675,1.11,5.37
2020-08-17,21.6725,22.8775,19.5575,21.3075,21.6725,-0.36,-1.68
2020-08-18,21.3075,21.3075,18.2525,20.43,21.3075,-0.88,-4.12
2020-08-19,20.43,20.43,17.835,19.9575,20.43,-0.47,-2.31
2020-08-20,19.9575,21.08,17.6625,20.6175,19.9575,0.66,3.31
2020-08-21,20.6175,20.6175,14.885,19.9375,20.6175,-0.68,-3.3
2020-08-24,19.9375,20.0675,17.8875,19.23,19.9375,-0.71,-3.55
2020-08-25,19.23,19.805,15.4225,19.315,19.23,0.09,0.44
2020-08-26,19.315,19.5925,17.2225,19.3025,19.315,-0.01,-0.06
2020-08-27,19.3025,19.47,17.4525,18.895,19.3025,-0.41,-2.11
2020-08-28,18.895,18.895,16.655,18.3475,18.895,-0.55,-2.9
2020-08-31,18.3475,23.8725,16.4,22.835,18.3475,4.49,24.46
2020-09-01,22.835,23.2425,21.11,21.8,22.835,-1.04,-4.53
2020-09-02,21.8,22.495,19.8525,21.105,21.8,-0.7,-3.19
2020-09-03,21.105,21.105,18.16,20.5025,21.105,-0.6,-2.85
2020-09-04,20.5025,22.6475,19.8575,22.1525,20.5025,1.65,8.05
2020-09-07,22.1525,23.2475,17.245,22.0075,22.1525,-0.14,-0.65
2020-09-08,22.0075,23.0725,17.57,22.7225,22.0075,0.71,3.25
2020-09-09,22.7225,23.27,20.1975,22.23,22.7225,-0.49,-2.17
2020-09-10,22.23,22.23,17.7,21.2625,22.23,-0.97,-4.35
2020-09-11,21.2625,21.345,18.1725,20.7125,21.2625,-0.55,-2.59
2020-09-14,20.7125,21.74,17.5325,21.19,20.7125,0.48,2.31
2020-09-15,21.19,21.19,18.8975,20.5975,21.19,-0.59,-2.8
2020-09-16,20.5975,20.5975,16.325,19.66,20.5975,-0.94,-4.55
2020-09-17,19.66,20.6825,17.5525,20.1,19.66,0.44,2.24
2020-09-18,20.1,20.77,17.5825,20.045,20.1,-0.05,-0.27
2020-09-21,20.045,22.9925,18.2675,22.1875,20.045,2.14,10.69
2020-09-22,22.1875,23.275,15.755,21.41,22.1875,-0.78,-3.5
2020-09-23,21.41,22.4775,19.37,20.99,21.41,-0.42,-1.96
2020-09-24,20.99,23.8175,20.925,23.51,20.99,2.52,12.01
2020-09-25,23.51,23.51,18.6675,20.675,23.51,-2.84,-12.06
2020-09-28,20.675,21.0975,19.35,19.5725,20.675,-1.1,-5.33
2020-09-29,19.5725,20.1975,18.4275,19.775,19.5725,0.2,1.03
2020-09-30,19.775,20.215,17.675,19.53,19.775,-0.24,-1.24
2020-10-01,19.53,19.53,17.375,18.35,19.53,-1.18,-6.04
2020-10-05,18.35,20.025,18.35,19.705,18.35,1.35,7.38
2020-10-06,19.705,19.8925,18.36,19.635,19.705,-0.07,-0.36
2020-10-07,19.635,20.3375,19.0675,20.06,19.635,0.42,2.16
2020-10-08,20.06,20.855,18.9775,20.38,20.06,0.32,1.6
2020-10-09,20.38,21.0075,17.51,20.38,20.38,0.0,0.0
2020-10-12,20.38,22.1,19.39,21.1275,20.38,0.75,3.67
2020-10-13,21.1275,21.65,20.525,20.715,21.1275,-0.41,-1.95
2020-10-14,20.715,20.9625,18.425,20.21,20.715,-0.5,-2.44
2020-10-15,20.21,22.275,19.0375,22.0575,20.21,1.85,9.14
2020-10-16,22.0575,22.4175,20.485,21.645,22.0575,-0.41,-1.87
2020-10-19,21.645,22.3175,15.465,21.8175,21.645,0.17,0.8
2020-10-20,21.8175,22.7925,18.79,22.69,21.8175,0.87,4.0
2020-10-21,22.69,23.545,18.3775,22.915,22.69,0.22,0.99
2020-10-22,22.915,23.515,17.44,22.635,22.915,-0.28,-1.22
2020-10-23,22.635,22.78,19.8325,21.8275,22.635,-0.81,-3.57
2020-10-26,21.8275,23.405,21.32,22.8325,21.8275,1.0,4.6
2020-10-27,22.8325,23.1675,22.1225,22.195,22.8325,-0.64,-2.79
2020-10-28,22.195,23.465,20.08,23.28,22.195,1.09,4.89
2020-10-29,23.28,24.36,22.2825,24.0225,23.28,0.74,3.19
2020-10-30,24.0225,26.3,21.725,24.7525,24.0225,0.73,3.04
2020-11-02,24.7525,25.9175,24.22,25.21,24.7525,0.46,1.85
2020-11-03,25.21,25.3325,22.9175,24.24,25.21,-0.97,-3.85
2020-11-04,24.24,24.24,20.6725,23.2,24.24,-1.04,-4.29
2020-11-05,23.2,23.2,19.99,20.965,23.2,-2.23,-9.63
2020-11-06,20.965,20.965,19.2825,20.4975,20.965,-0.47,-2.23
2020-11-09,20.4975,21.0475,17.58,20.1125,20.4975,-0.38,-1.88
2020-11-10,20.1125,21.845,19.895,21.5775,20.1125,1.46,7.28
2020-11-11,21.5775,22.375,18.995,22.0325,21.5775,0.45,2.11
2020-11-12,22.0325,22.0325,19.7875,20.62,22.0325,-1.41,-6.41
2020-11-13,20.62,29.525,19.5575,19.7025,20.62,-0.92,-4.45
2020-11-14,19.7025,19.7025,16.175,19.13,19.7025,-0.57,-2.91
2020-11-17,19.13,20.405,18.4025,19.8025,19.13,0.67,3.52
2020-11-18,19.8025,19.8025,15.72,19.12,19.8025,-0.68,-3.45
2020-11-19,19.12,19.9825,16.325,19.57,19.12,0.45,2.35
2020-11-20,19.57,19.8075,16.9975,19.6175,19.57,0.05,0.24
2020-11-23,19.6175,20.8625,16.91,20.7975,19.6175,1.18,6.02
2020-11-24,20.7975,22.0,20.025,21.0575,20.7975,0.26,1.25
2020-11-25,21.0575,23.495,20.68,23.1275,21.0575,2.07,9.83
2020-11-26,23.1275,23.1275,19.4375,20.0225,23.1275,-3.11,-13.43
2020-11-27,20.0225,21.28,17.625,19.8175,20.0225,-0.21,-1.02
2020-12-01,19.8175,21.235,19.245,20.1825,19.8175,0.37,1.84
2020-12-02,20.1825,20.5525,17.9625,19.9075,20.1825,-0.28,-1.36
2020-12-03,19.9075,19.9075,17.7225,19.0,19.9075,-0.91,-4.56
2020-12-04,19.0,19.035,16.53,18.0275,19.0,-0.97,-5.12
2020-12-07,18.0275,18.315,16.95,18.025,18.0275,-0.0,-0.01
2020-12-08,18.025,18.795,16.2675,18.6175,18.025,0.59,3.29
2020-12-09,18.6175,19.63,16.22,18.92,18.6175,0.3,1.62
2020-12-10,18.92,19.385,17.4225,18.7125,18.92,-0.21,-1.1
2020-12-11,18.7125,19.285,17.3625,18.79,18.7125,0.08,0.41
2020-12-14,18.79,19.6425,15.3275,19.4025,18.79,0.61,3.26
2020-12-15,19.4025,19.8275,15.6925,19.345,19.4025,-0.06,-0.3
2020-12-16,19.345,19.3975,18.6075,19.2,19.345,-0.14,-0.75
2020-12-17,19.2,21.6225,14.0525,19.1575,19.2,-0.04,-0.22
2020-12-18,19.1575,19.4925,14.555,18.6225,19.1575,-0.54,-2.79
2020-12-21,18.6225,23.68,18.6225,23.19,18.6225,4.57,24.53
2020-12-22,23.19,24.48,16.5925,21.985,23.19,-1.21,-5.2
2020-12-23,21.985,22.0825,19.395,20.495,21.985,-1.49,-6.78
2020-12-24,20.495,20.9525,15.645,19.9675,20.495,-0.53,-2.57
2020-12-28,19.9675,21.0225,18.5975,20.4275,19.9675,0.46,2.3
2020-12-29,20.4275,21.2125,17.6275,20.79,20.4275,0.36,1.77
2020-12-30,20.79,21.5875,20.79,21.11,20.79,0.32,1.54
2020-12-31,21.11,21.505,19.19,21.095,21.11,-0.02,-0.07
2021-01-01,21.095,21.3325,19.2625,19.56,21.095,-1.54,-7.28
2021-01-04,19.56,21.0275,19.335,20.03,19.56,0.47,2.4
2021-01-05,20.03,21.005,20.03,20.46,20.03,0.43,2.15
2021-01-06,20.46,21.63,20.425,20.995,20.46,0.54,2.61
2021-01-07,20.995,20.995,20.1375,20.615,20.995,-0.38,-1.81
2021-01-08,20.615,20.85,17.38,20.64,20.615,0.03,0.12
2021-01-11,20.64,22.745,20.64,22.3825,20.64,1.74,8.44
2021-01-12,22.3825,23.26,22.2925,22.8475,22.3825,0.46,2.08
2021-01-13,22.8475,24.0475,22.37,23.2925,22.8475,0.45,1.95
2021-01-14,23.2925,23.7025,22.8075,23.0275,23.2925,-0.27,-1.14
2021-01-15,23.0275,24.6775,23.0275,24.01,23.0275,0.98,4.27
2021-01-18,24.01,25.4125,23.5675,24.395,24.01,0.38,1.6
2021-01-19,24.395,24.395,20.36,22.8975,24.395,-1.5,-6.14
2021-01-20,22.8975,23.185,19.33,21.55,22.8975,-1.35,-5.88
2021-01-21,21.55,22.7775,18.6175,22.18,21.55,0.63,2.92
2021-01-22,22.18,23.04,18.73,22.4225,22.18,0.24,1.09
2021-01-25,22.4225,23.81,20.3375,23.245,22.4225,0.82,3.67
2021-01-27,23.245,24.7475,20.83,24.3925,23.245,1.15,4.94
2021-01-28,24.3925,25.295,23.435,24.29,24.3925,-0.1,-0.42
2021-01-29,24.29,25.99,22.08,25.3425,24.29,1.05,4.33
2021-02-01,25.3425,25.925,22.6,23.3225,25.3425,-2.02,-7.97
2021-02-02,23.3225,23.61,21.0025,23.345,23.3225,0.02,0.1
2021-02-03,23.345,24.1975,20.9475,23.745,23.345,0.4,1.71
2021-02-04,23.745,23.9325,22.09,23.1225,23.745,-0.62,-2.62
2021-02-05,23.1225,23.935,20.08,23.415,23.1225,0.29,1.27
2021-02-08,23.415,24.345,22.1775,23.9575,23.415,0.54,2.32
2021-02-09,23.9575,24.4675,21.4325,24.27,23.9575,0.31,1.3
2021-02-10,24.27,24.955,20.9075,23.9525,24.27,-0.32,-1.31
2021-02-11,23.9525,24.2225,21.0175,23.045,23.9525,-0.91,-3.79
2021-02-12,0.0,0.0,0.0,23.045,23.9525,-0.91,-3.79
2021-02-15,22.0425,22.39,20.8225,21.475,22.0425,-0.57,-2.57
2021-02-16,21.475,22.115,20.535,21.78,21.475,0.3,1.42
2021-02-17,21.78,21.88,21.0975,21.505,21.78,-0.28,-1.26
2021-02-18,21.505,22.085,19.9625,21.5425,21.505,0.04,0.17
2021-02-19,21.5425,22.8675,19.345,22.25,21.5425,0.71,3.28
2021-02-22,22.25,25.82,20.0225,25.47,22.25,3.22,14.47
2021-02-23,25.47,25.6425,23.8575,25.2275,25.47,-0.24,-0.95
2021-02-24,25.2275,25.2275,23.4825,24.1675,25.2275,-1.06,-4.2
2021-02-25,24.1675,24.1675,22.6275,22.8925,24.1675,-1.28,-5.28
2021-02-26,22.8925,29.645,22.8925,28.1425,22.8925,5.25,22.93
2021-03-01,28.1425,28.1425,24.95,25.625,28.1425,-2.52,-8.95
2021-03-02,25.625,25.625,23.21,23.605,25.625,-2.02,-7.88
2021-03-03,23.605,23.605,21.815,22.09,23.605,-1.52,-6.42
2021-03-04,22.09,24.5775,22.09,24.15,22.09,2.06,9.33
2021-03-05,24.15,26.4075,22.8625,25.56,24.15,1.41,5.84
2021-03-08,25.56,25.6525,21.2025,24.675,25.56,-0.88,-3.46
2021-03-09,24.675,24.675,21.4375,22.495,24.675,-2.18,-8.83
2021-03-10,22.495,22.495,19.315,20.7475,22.495,-1.75,-7.77
2021-03-12,20.7475,22.67,18.5375,21.7075,20.7475,0.96,4.63
2021-03-15,21.7075,22.9325,20.995,21.2275,21.7075,-0.48,-2.21
2021-03-16,21.2275,21.2275,18.0625,20.19,21.2275,-1.04,-4.89
2021-03-17,20.19,20.42,18.62,20.1575,20.19,-0.03,-0.16
2021-03-18,20.1575,20.9475,16.6825,20.08,20.1575,-0.08,-0.38
2021-03-19,20.08,21.865,18.725,19.9875,20.08,-0.09,-0.46
2021-03-22,19.9875,21.2325,18.97,20.4925,19.9875,0.5,2.53
2021-03-23,20.4925,22.135,20.4925,20.665,20.4925,0.17,0.84
2021-03-24,20.665,22.6875,19.745,22.455,20.665,1.79,8.66
2021-03-25,22.455,23.3125,21.12,22.6975,22.455,0.24,1.08
2021-03-26,22.6975,22.9175,18.225,20.65,22.6975,-2.05,-9.02
2021-03-30,0.0,0.0,0.0,20.65,22.6975,-2.05,-9.02
2021-03-31,20.485,20.83,19.995,20.645,20.485,0.16,0.78
2021-04-01,20.645,20.675,19.73,19.9875,20.645,-0.66,-3.18
2021-04-05,19.9875,23.305,19.9875,21.215,19.9875,1.23,6.14
2021-04-06,21.215,22.24,19.805,20.84,21.215,-0.38,-1.77
2021-04-07,20.84,21.2975,19.43,20.2475,20.84,-0.59,-2.84
2021-04-08,20.2475,20.585,19.17,20.3125,20.2475,0.07,0.32
2021-04-09,20.3125,20.9675,19.6825,19.785,20.3125,-0.53,-2.6
2021-04-12,19.785,23.3025,19.785,22.995,19.785,3.21,16.22
2021-04-13,22.995,22.995,20.2975,20.46,22.995,-2.54,-11.02
2021-04-15,20.46,21.545,18.245,20.89,20.46,0.43,2.1
2021-04-16,20.89,21.09,19.4825,20.4025,20.89,-0.49,-2.33
2021-04-19,20.4025,23.1075,19.8075,22.485,20.4025,2.08,10.21
2021-04-20,22.485,22.745,21.2375,22.425,22.485,-0.06,-0.27
2021-04-22,22.425,23.6075,22.425,23.025,22.425,0.6,2.68
2021-04-23,23.025,23.0525,20.21,22.69,23.025,-0.33,-1.45
2021-04-26,22.69,23.555,22.6175,23.495,22.69,0.8,3.55
2021-04-27,23.495,23.625,22.32,23.0825,23.495,-0.41,-1.76
2021-04-28,23.0825,23.1125,20.9675,22.58,23.0825,-0.5,-2.18
2021-04-29,22.58,23.4225,22.1075,23.305,22.58,0.73,3.21
2021-04-30,23.305,23.765,22.5975,23.0275,23.305,-0.28,-1.19
2021-05-03,23.0275,24.54,21.84,23.6925,23.0275,0.66,2.89
2021-05-04,23.6925,23.6925,22.1775,23.01,23.6925,-0.68,-2.88
2021-05-05,23.01,23.19,21.135,21.9625,23.01,-1.05,-4.55
2021-05-06,21.9625,22.6125,20.1225,22.035,21.9625,0.07,0.33
2021-05-07,22.035,22.035,20.31,20.8225,22.035,-1.21,-5.5
2021-05-10,20.8225,21.1475,20.135,20.225,20.8225,-0.6,-2.87
2021-05-11,20.225,21.1175,19.7225,19.83,20.225,-0.4,-1.95
2021-05-12,19.83,20.905,18.36,20.08,19.83,0.25,1.26
2021-05-14,20.08,21.1525,18.2275,20.2675,20.08,0.19,0.93
2021-05-17,20.2675,20.425,18.3625,19.6075,20.2675,-0.66,-3.26
2021-05-18,19.6075,19.6075,18.305,19.24,19.6075,-0.37,-1.87
2021-05-19,19.24,19.5675,17.23,19.3175,19.24,0.08,0.4
2021-05-20,19.3175,19.8375,18.0925,19.6525,19.3175,0.34,1.73
2021-05-21,19.6525,19.6525,17.13,19.08,19.6525,-0.57,-2.91
2021-05-24,19.08,19.885,18.72,19.13,19.08,0.05,0.26
2021-05-25,19.13,21.05,17.6875,18.8425,19.13,-0.29,-1.5
2021-05-26,18.8425,21.3025,17.23,20.8725,18.8425,2.03,10.77
2021-05-27,20.8725,21.3225,18.3525,19.91,20.8725,-0.96,-4.61
2021-05-28,19.91,19.91,17.355,17.4025,19.91,-2.51,-12.59
2021-05-31,17.4025,17.99,16.4325,16.885,17.4025,-0.52,-2.97
2021-06-01,16.885,17.9625,15.31,17.3875,16.885,0.5,2.98
2021-06-02,17.3875,17.6475,15.1675,17.21,17.3875,-0.18,-1.02
2021-06-03,17.21,17.21,14.1475,15.745,17.21,-1.47,-8.51
2021-06-04,15.745,16.3825,14.9425,15.94,15.745,0.2,1.24
2021-06-07,15.94,15.94,14.7425,15.5675,15.94,-0.37,-2.34
2021-06-08,15.5675,15.6,13.5675,15.225,15.5675,-0.34,-2.2
2021-06-09,15.225,15.7425,11.945,14.7525,15.225,-0.47,-3.1
2021-06-10,14.7525,15.2,14.1775,15.0025,14.7525,0.25,1.69
2021-06-11,15.0025,15.0025,13.9375,14.1025,15.0025,-0.9,-6.0
2021-06-14,14.1025,15.3075,13.74,14.715,14.1025,0.61,4.34
2021-06-15,14.715,15.1625,13.2775,14.605,14.715,-0.11,-0.75
2021-06-16,14.605,15.3225,13.6175,14.865,14.605,0.26,1.78
2021-06-17,14.865,16.05,14.5275,15.2875,14.865,0.42,2.84
2021-06-18,15.2875,16.62,10.6,14.7975,15.2875,-0.49,-3.21
2021-06-21,14.7975,16.46,14.375,15.06,14.7975,0.26,1.77
2021-06-22,15.06,15.1125,14.425,14.7375,15.06,-0.32,-2.14
2021-06-23,14.7375,15.535,13.625,15.365,14.7375,0.63,4.26
2021-06-24,15.365,15.6375,14.925,15.0975,15.365,-0.27,-1.74
2021-06-25,15.0975,15.2675,13.275,13.3675,15.0975,-1.73,-11.46
2021-06-28,13.3675,13.77,13.1175,13.4025,13.3675,0.04,0.26
2021-06-29,13.4025,13.4025,12.9025,13.0025,13.4025,-0.4,-2.98
2021-06-30,13.0025,13.14,12.6,13.045,13.0025,0.04,0.33
2021-07-01,13.045,13.2825,12.33,12.84,13.045,-0.21,-1.57
2021-07-02,12.84,13.02,12.0225,12.09,12.84,-0.75,-5.84
2021-07-05,12.09,12.6225,11.9875,12.0675,12.09,-0.02,-0.19
2021-07-06,12.0675,12.36,11.29,12.275,12.0675,0.21,1.72
2021-07-07,12.275,12.585,11.1475,12.2125,12.275,-0.06,-0.51
2021-07-08,12.2125,14.0075,12.055,13.56,12.2125,1.35,11.03
2021-07-09,13.56,14.0025,12.175,12.9425,13.56,-0.62,-4.55
2021-07-12,12.9425,13.6075,11.81,12.9925,12.9425,0.05,0.39
2021-07-13,12.9925,12.9925,10.6725,12.6225,12.9925,-0.37,-2.85
2021-07-14,12.6225,12.96,10.485,12.59,12.6225,-0.03,-0.26
2021-07-15,12.59,12.945,11.0825,12.27,12.59,-0.32,-2.54
2021-07-16,12.27,12.37,11.625,11.705,12.27,-0.56,-4.6
2021-07-19,11.705,13.1975,11.705,12.68,11.705,0.97,8.33
2021-07-20,12.68,14.0925,11.7875,13.205,12.68,0.53,4.14
2021-07-22,13.205,13.205,11.7175,11.885,13.205,-1.32,-10.0
2021-07-23,11.885,12.115,11.5675,11.7625,11.885,-0.12,-1.03
2021-07-26,11.7625,12.54,10.395,12.45,11.7625,0.69,5.84
2021-07-27,12.45,13.525,12.1025,13.2325,12.45,0.78,6.29
2021-07-28,13.2325,15.98,11.355,13.6925,13.2325,0.46,3.48
2021-07-29,13.6925,13.6925,12.435,12.945,13.6925,-0.75,-5.46
2021-07-30,12.945,13.32,12.175,12.8025,12.945,-0.14,-1.1
2021-08-02,12.8025,13.09,11.5175,12.805,12.8025,0.0,0.02
2021-08-03,12.805,13.905,11.9625,13.7475,12.805,0.94,7.36
2021-08-04,13.7475,14.0575,12.65,13.2125,13.7475,-0.54,-3.89
2021-08-05,13.2125,13.4175,11.2025,12.8725,13.2125,-0.34,-2.57
2021-08-06,12.8725,13.1625,11.64,12.6075,12.8725,-0.27,-2.06
2021-08-09,12.6075,13.11,12.03,12.605,12.6075,-0.0,-0.02
2021-08-10,12.605,13.0675,9.9825,12.705,12.605,0.1,0.79
2021-08-11,12.705,13.3275,10.4725,12.7125,12.705,0.01,0.06
2021-08-12,12.7125,12.8175,11.3625,12.3725,12.7125,-0.34,-2.67
2021-08-13,12.3725,13.1625,11.395,12.99,12.3725,0.62,4.99
2021-08-16,12.99,13.6575,11.375,13.4575,12.99,0.47,3.6
2021-08-17,13.4575,13.61,12.0275,13.4125,13.4575,-0.04,-0.33
2021-08-18,13.4125,13.4125,11.12,12.905,13.4125,-0.51,-3.78
2021-08-20,12.905,14.14,12.3475,14.015,12.905,1.11,8.6
2021-08-23,14.015,14.44,12.725,13.685,14.015,-0.33,-2.35
2021-08-24,13.685,14.5075,13.0975,13.1875,13.685,-0.5,-3.64
2021-08-25,13.1875,13.9725,12.265,13.4975,13.1875,0.31,2.35
2021-08-26,13.4975,14.195,12.1125,13.5375,13.4975,0.04,0.3
2021-08-27,13.5375,13.76,12.94,13.405,13.5375,-0.13,-0.98
2021-08-30,13.405,13.685,12.4025,13.3175,13.405,-0.09,-0.65
2021-08-31,13.3175,14.765,12.635,14.52,13.3175,1.2,9.03
2021-09-01,14.52,15.63,13.9,14.185,14.52,-0.33,-2.31
2021-09-02,14.185,14.385,13.61,14.24,14.185,0.05,0.39
2021-09-03,14.24,14.645,13.58,14.5425,14.24,0.3,2.12
2021-09-06,14.5425,15.28,14.055,15.105,14.5425,0.56,3.87
2021-09-07,15.105,15.23,14.585,14.895,15.105,-0.21,-1.39
2021-09-08,14.895,15.0625,12.485,14.41,14.895,-0.48,-3.26
2021-09-09,14.41,14.41,13.6375,13.9425,14.41,-0.47,-3.24
2021-09-13,13.9425,14.7775,11.9175,14.025,13.9425,0.08,0.59
2021-09-13,13.9425,14.7775,11.9175,14.025,13.9425,0.08,0.59
2021-09-14,14.025,14.025,10.8725,13.575,14.025,-0.45,-3.21
2021-09-15,13.575,13.875,12.37,13.73,13.575,0.16,1.14
2021-09-16,13.73,14.525,9.025,14.4125,13.73,0.68,4.97
2021-09-17,14.4125,15.65,12.1375,15.2325,14.4125,0.82,5.69
2021-09-20,15.2325,17.8075,10.2275,17.4925,15.2325,2.26,14.84
2021-09-21,17.4925,17.9975,13.0025,16.52,17.4925,-0.97,-5.56
2021-09-22,16.52,16.86,13.2775,16.4925,16.52,-0.03,-0.17
2021-09-23,16.4925,16.9375,10.3125,16.6025,16.4925,0.11,0.67
2021-09-24,16.6025,17.33,12.7725,16.9225,16.6025,0.32,1.93
2021-09-27,16.9225,18.1375,13.515,18.0525,16.9225,1.13,6.68
2021-09-28,18.0525,18.57,15.3725,18.535,18.0525,0.48,2.67
2021-09-29,18.535,19.435,16.7575,18.8375,18.535,0.3,1.63
2021-09-30,18.8375,19.1375,17.15,18.4025,18.8375,-0.43,-2.31
2021-10-01,18.4025,19.075,16.9975,17.21,18.4025,-1.19,-6.48
2021-10-04,17.21,17.53,15.3175,16.735,17.21,-0.48,-2.76
2021-10-05,16.735,17.1325,16.295,16.3975,16.735,-0.34,-2.02
2021-10-06,16.3975,17.59,16.1075,17.3325,16.3975,0.93,5.7
2021-10-07,17.3325,17.3325,14.4525,16.155,17.3325,-1.18,-6.79
2021-10-08,16.155,16.4025,15.5325,15.6525,16.155,-0.5,-3.11
2021-10-11,15.6525,16.41,12.23,16.085,15.6525,0.43,2.76
2021-10-12,16.085,16.3975,13.9375,15.8475,16.085,-0.24,-1.48
2021-10-13,15.8475,16.22,13.38,16.1,15.8475,0.25,1.59
2021-10-14,16.1,16.285,12.6125,15.7675,16.1,-0.33,-2.07
2021-10-18,15.7675,17.315,14.155,17.185,15.7675,1.42,8.99
2021-10-19,17.185,17.5425,14.235,17.3825,17.185,0.2,1.15
2021-10-20,17.3825,18.865,15.2325,18.3125,17.3825,0.93,5.35
2021-10-21,18.3125,18.795,14.9075,18.035,18.3125,-0.28,-1.52
2021-10-22,18.035,18.035,14.355,17.545,18.035,-0.49,-2.72
2021-10-25,17.545,18.7575,14.5075,17.61,17.545,0.06,0.37
2021-10-26,17.61,17.725,16.645,16.7525,17.61,-0.86,-4.87
2021-10-27,16.7525,17.0325,15.4025,16.8275,16.7525,0.07,0.45
2021-10-28,16.8275,18.4325,16.8125,17.9125,16.8275,1.09,6.45
2021-10-29,17.9125,19.64,16.2825,17.425,17.9125,-0.49,-2.72
2021-11-01,17.425,18.095,15.3825,17.235,17.425,-0.19,-1.09
2021-11-02,17.235,17.7875,16.36,17.0625,17.235,-0.17,-1.0
2021-11-03,17.0625,17.0625,15.7,16.125,17.0625,-0.94,-5.49
2021-11-04,16.125,16.4125,14.305,15.7475,16.125,-0.38,-2.34
2021-11-08,15.7475,16.925,13.99,16.34,15.7475,0.59,3.76
2021-11-09,16.34,16.615,14.6425,16.0025,16.34,-0.34,-2.07
2021-11-10,16.0025,16.685,15.14,16.305,16.0025,0.3,1.89
2021-11-11,16.305,17.285,14.645,16.3525,16.305,0.05,0.29
2021-11-12,16.3525,16.3525,14.645,15.2175,16.3525,-1.13,-6.94
2021-11-15,15.2175,15.8425,13.4275,15.465,15.2175,0.25,1.63
2021-11-16,15.465,15.6825,13.58,15.195,15.465,-0.27,-1.75
2021-11-17,15.195,15.4125,13.915,14.98,15.195,-0.21,-1.41
2021-11-18,14.98,16.1475,12.08,14.8575,14.98,-0.12,-0.82
2021-11-22,14.8575,18.0825,13.5625,17.52,14.8575,2.66,17.92
2021-11-23,17.52,20.025,16.7925,18.015,17.52,0.5,2.83
2021-11-24,18.015,18.015,15.5775,17.095,18.015,-0.92,-5.11
2021-11-25,17.095,18.0725,16.0025,16.6625,17.095,-0.43,-2.53
2021-11-26,16.6625,21.3925,16.05,20.8025,16.6625,4.14,24.85
2021-11-29,20.8025,23.82,18.8925,20.83,20.8025,0.03,0.13
2021-11-30,20.83,21.965,18.8075,21.1675,20.83,0.34,1.62
2021-12-01,21.1675,21.1675,18.935,19.4475,21.1675,-1.72,-8.13
2021-12-02,19.4475,22.965,18.0025,18.0875,19.4475,-1.36,-6.99
2021-12-03,18.0875,18.8325,17.21,18.455,18.0875,0.37,2.03
2021-12-06,18.455,20.4775,18.3,20.0775,18.455,1.62,8.79
2021-12-07,20.0775,20.0775,18.2425,18.46,20.0775,-1.62,-8.06
2021-12-08,18.46,18.46,16.565,17.265,18.46,-1.2,-6.47
2021-12-09,17.265,17.435,15.54,16.6025,17.265,-0.66,-3.84
2021-12-10,16.6025,16.9325,15.21,16.06,16.6025,-0.54,-3.27
2021-12-13,16.06,16.86,14.675,16.57,16.06,0.51,3.18
2021-12-14,16.57,17.33,13.9375,16.9525,16.57,0.38,2.31
2021-12-15,16.9525,17.7125,15.7675,17.2175,16.9525,0.27,1.56
2021-12-16,17.2175,17.2175,15.2625,15.895,17.2175,-1.32,-7.68
2021-12-17,15.895,16.9075,13.76,16.3375,15.895,0.44,2.78
2021-12-20,16.3375,20.135,16.3375,18.965,16.3375,2.63,16.08
2021-12-21,18.965,18.965,16.6275,17.5375,18.965,-1.43,-7.53
2021-12-22,17.5375,17.5375,15.69,16.58,17.5375,-0.96,-5.46
2021-12-23,16.58,16.58,15.68,15.825,16.58,-0.75,-4.55
2021-12-24,15.825,16.6525,15.3325,16.1475,15.825,0.32,2.04
2021-12-27,16.1475,17.2775,15.2625,17.1175,16.1475,0.97,6.01
2021-12-28,17.1175,17.1175,15.2075,16.475,17.1175,-0.64,-3.75
2021-12-29,16.475,16.8625,15.8,16.2425,16.475,-0.23,-1.41
2021-12-30,16.2425,16.7875,15.2925,16.565,16.2425,0.32,1.99
2021-12-31,16.565,16.7675,15.4,16.2225,16.565,-0.34,-2.07
2022-01-03,16.2225,16.81,15.4525,16.4525,16.2225,0.23,1.42
2022-01-04,16.4525,16.675,15.71,16.12,16.4525,-0.33,-2.02
2022-01-05,16.12,17.38,15.0875,17.2275,16.12,1.11,6.87
2022-01-06,17.2275,18.4175,16.4,17.9775,17.2275,0.75,4.35
2022-01-07,17.9775,18.09,16.86,17.6025,17.9775,-0.38,-2.09
2022-01-10,17.6025,18.39,15.8425,17.6775,17.6025,0.07,0.43
2022-01-11,17.6775,18.2475,16.4375,17.7575,17.6775,0.08,0.45
2022-01-12,17.7575,17.925,16.5475,17.1825,17.7575,-0.57,-3.24
2022-01-13,17.1825,17.525,16.6075,16.705,17.1825,-0.48,-2.78
2022-01-14,16.705,17.1,15.3425,16.555,16.705,-0.15,-0.9
2022-01-17,16.555,17.5475,16.2675,16.765,16.555,0.21,1.27
2022-01-18,16.765,17.875,16.765,17.78,16.765,1.02,6.05
2022-01-19,17.78,18.4475,15.94,17.8175,17.78,0.04,0.21
2022-01-20,17.8175,18.45,17.32,17.79,17.8175,-0.03,-0.15
2022-01-21,17.79,19.605,16.9825,18.8875,17.79,1.1,6.17
2022-01-24,18.8875,23.9,18.8875,22.825,18.8875,3.94,20.85
2022-01-25,22.825,24.1375,21.18,21.3575,22.825,-1.47,-6.43
2022-01-27,21.3575,23.8675,20.4425,21.065,21.3575,-0.29,-1.37
2022-01-28,21.065,21.32,20.2825,20.695,21.065,-0.37,-1.76
2022-01-31,20.695,22.11,20.695,21.9525,20.695,1.26,6.08
2022-02-01,21.9525,22.07,19.745,19.9775,21.9525,-1.98,-9.0
2022-02-02,19.9775,19.9775,18.5475,18.65,19.9775,-1.33,-6.64
2022-02-03,18.65,19.595,17.4075,19.16,18.65,0.51,2.73
2022-02-04,19.16,19.7775,18.595,18.8975,19.16,-0.26,-1.37
2022-02-07,18.8975,21.0825,18.1825,20.4375,18.8975,1.54,8.15
2022-02-08,20.4375,20.9375,19.555,19.685,20.4375,-0.75,-3.68
2022-02-09,19.685,19.685,17.885,18.555,19.685,-1.13,-5.74
2022-02-10,18.555,18.925,16.8,17.71,18.555,-0.84,-4.55
2022-02-11,17.71,19.5325,16.855,18.68,17.71,0.97,5.48
2022-02-14,18.68,23.535,18.68,22.9775,18.68,4.3,23.01
2022-02-15,22.9775,23.14,20.435,20.6125,22.9775,-2.36,-10.29
2022-02-16,20.6125,21.02,19.3525,20.5925,20.6125,-0.02,-0.1
2022-02-17,20.5925,22.37,19.4625,22.005,20.5925,1.41,6.86
2022-02-18,22.005,23.21,21.635,22.165,22.005,0.16,0.73
2022-02-21,22.165,23.755,20.57,22.9025,22.165,0.74,3.33
2022-02-22,22.9025,27.815,22.9025,26.6625,22.9025,3.76,16.42
2022-02-23,26.6625,26.6625,23.9075,24.5425,26.6625,-2.12,-7.95
2022-02-24,24.5425,33.9725,24.5425,31.9825,24.5425,7.44,30.31
2022-02-25,31.9825,31.9825,26.15,26.74,31.9825,-5.24,-16.39
2022-02-28,26.74,29.785,26.74,28.57,26.74,1.83,6.84
2022-03-02,28.57,30.8425,28.57,29.2325,28.57,0.66,2.32
2022-03-03,29.2325,29.2325,27.2225,28.155,29.2325,-1.08,-3.69
2022-03-04,28.155,29.925,27.2225,27.9575,28.155,-0.2,-0.7
2022-03-07,27.9575,30.2775,27.9575,29.33,27.9575,1.37,4.91
2022-03-08,29.33,30.0575,27.1125,28.5875,29.33,-0.74,-2.53
2022-03-09,28.5875,28.5875,27.305,27.4675,28.5875,-1.12,-3.92
2022-03-10,27.4675,27.4675,22.9625,25.5825,27.4675,-1.89,-6.86
2022-03-11,25.5825,25.8725,24.58,25.345,25.5825,-0.24,-0.93
2022-03-14,25.345,26.2125,25.09,25.6775,25.345,0.33,1.31
2022-03-15,25.6775,27.5425,23.6575,26.73,25.6775,1.05,4.1
2022-03-16,26.73,26.73,24.0125,24.1175,26.73,-2.61,-9.77
2022-03-17,24.1175,24.1175,20.77,22.61,24.1175,-1.51,-6.25
2022-03-21,22.61,24.7125,22.61,24.6225,22.61,2.01,8.9
2022-03-22,24.6225,25.1575,23.76,24.07,24.6225,-0.55,-2.24
2022-03-23,24.07,24.975,20.455,24.7475,24.07,0.68,2.81
2022-03-24,24.7475,25.53,23.8125,23.93,24.7475,-0.82,-3.3
2022-03-25,23.93,24.2725,22.91,23.43,23.93,-0.5,-2.09
2022-03-28,23.43,24.2125,19.59,22.61,23.43,-0.82,-3.5
2022-03-29,22.61,22.61,21.1025,21.3025,22.61,-1.31,-5.78
2022-03-30,21.3025,21.3025,19.73,20.61,21.3025,-0.69,-3.25
2022-03-31,20.61,20.9425,20.2125,20.56,20.61,-0.05,-0.24
2022-04-01,20.56,20.855,18.12,18.435,20.56,-2.13,-10.34
2022-04-04,18.435,18.825,17.5925,17.9075,18.435,-0.53,-2.86
2022-04-05,17.9075,18.63,16.79,18.4875,17.9075,0.58,3.24
2022-04-06,18.4875,19.2825,16.81,19.0225,18.4875,0.54,2.89
2022-04-07,19.0225,19.49,17.7175,18.9975,19.0225,-0.03,-0.13
2022-04-08,18.9975,20.0875,17.53,17.6875,18.9975,-1.31,-6.9
2022-04-11,17.6875,19.145,16.6425,18.27,17.6875,0.58,3.29
2022-04-12,18.27,18.6725,15.085,18.1575,18.27,-0.11,-0.62
2022-04-13,18.1575,18.4025,16.1925,17.785,18.1575,-0.37,-2.05
2022-04-18,17.785,20.4825,17.785,19.335,17.785,1.55,8.72
2022-04-19,19.335,20.8075,14.6275,19.775,19.335,0.44,2.28
2022-04-20,19.775,20.265,17.835,18.6725,19.775,-1.1,-5.58
2022-04-21,18.6725,18.6725,13.35,17.8525,18.6725,-0.82,-4.39
2022-04-22,17.8525,18.76,17.8125,18.3525,17.8525,0.5,2.8
2022-04-25,18.3525,21.755,18.3525,21.2575,18.3525,2.91,15.83
2022-04-26,21.2575,21.2575,19.005,19.1875,21.2575,-2.07,-9.74
2022-04-27,19.1875,21.365,19.1875,20.605,19.1875,1.42,7.39
2022-04-28,20.605,20.605,19.0225,19.3775,20.605,-1.23,-5.96
2022-04-29,19.3775,19.6475,18.2075,19.415,19.3775,0.04,0.19
2022-05-02,19.415,21.0625,19.415,20.2825,19.415,0.87,4.47
2022-05-04,20.2825,22.3875,18.4275,21.8775,20.2825,1.6,7.86
2022-05-05,21.8775,21.8775,19.615,20.2925,21.8775,-1.59,-7.24
2022-05-06,20.2925,21.81,19.3325,21.25,20.2925,0.96,4.72
2022-05-09,21.25,22.52,18.96,22.0325,21.25,0.78,3.68
2022-05-10,22.0325,22.515,21.2175,22.3025,22.0325,0.27,1.23
2022-05-11,22.3025,24.1875,20.4825,22.8025,22.3025,0.5,2.24
2022-05-12,22.8025,25.315,21.15,24.265,22.8025,1.46,6.41
2022-05-13,24.265,24.265,20.9675,23.485,24.265,-0.78,-3.21
2022-05-16,23.485,24.7125,21.275,24.5275,23.485,1.04,4.44
2022-05-17,24.5275,24.84,17.095,22.7425,24.5275,-1.79,-7.28
2022-05-18,22.7425,23.06,21.34,22.295,22.7425,-0.45,-1.97
2022-05-19,22.295,25.1475,22.295,24.5575,22.295,2.26,10.15
2022-05-20,24.5575,24.5575,22.4425,23.1,24.5575,-1.46,-5.94
2022-05-23,23.1,23.975,20.5,23.3975,23.1,0.3,1.29
2022-05-24,23.3975,25.99,23.155,25.635,23.3975,2.24,9.56
2022-05-25,25.635,25.635,24.3625,25.2825,25.635,-0.35,-1.38
2022-05-26,25.2825,25.2825,22.535,22.7175,25.2825,-2.56,-10.15
2022-05-27,22.7175,22.7175,21.2,21.48,22.7175,-1.24,-5.45
2022-05-30,21.48,21.48,19.72,19.98,21.48,-1.5,-6.98
2022-05-31,19.98,20.75,19.68,20.4775,19.98,0.5,2.49
2022-06-01,20.4775,21.3375,18.23,20.845,20.4775,0.37,1.79
2022-06-02,20.845,20.9975,18.3825,20.32,20.845,-0.52,-2.52
2022-06-03,20.32,20.32,18.735,19.975,20.32,-0.34,-1.7
2022-06-06,19.975,20.6825,18.65,20.2025,19.975,0.23,1.14
2022-06-07,20.2025,21.07,19.4325,20.425,20.2025,0.22,1.1
2022-06-08,20.425,20.6875,19.3875,19.8375,20.425,-0.59,-2.88
2022-06-09,19.8375,19.8375,18.155,19.14,19.8375,-0.7,-3.52
2022-06-10,19.14,19.755,18.255,19.575,19.14,0.43,2.27
2022-06-13,19.575,22.8025,19.575,22.365,19.575,2.79,14.25
2022-06-14,22.365,22.635,18.9475,21.8875,22.365,-0.48,-2.14
2022-06-15,21.8875,22.365,20.95,22.1475,21.8875,0.26,1.19
2022-06-16,22.1475,28.13,19.7475,22.8675,22.1475,0.72,3.25
2022-06-17,22.8675,23.69,18.0225,22.7575,22.8675,-0.11,-0.48
2022-06-20,22.7575,23.635,16.0025,22.4125,22.7575,-0.34,-1.52
2022-06-21,22.4125,22.4125,20.48,21.1425,22.4125,-1.27,-5.67
2022-06-22,21.1425,21.785,19.32,21.3,21.1425,0.16,0.74
2022-06-23,21.3,21.71,18.355,20.88,21.3,-0.42,-1.97
2022-06-24,20.88,21.2725,18.6825,20.55,20.88,-0.33,-1.58
2022-06-27,20.55,21.12,19.545,21.005,20.55,0.45,2.21
2022-06-28,21.005,21.68,20.5125,21.45,21.005,0.45,2.12
2022-06-29,21.45,22.085,21.45,21.9,21.45,0.45,2.1
2022-06-30,21.9,22.2725,21.5375,21.84,21.9,-0.06,-0.27
2022-07-01,21.84,22.43,21.1425,21.25,21.84,-0.59,-2.7
2022-07-04,21.25,22.2475,20.9225,20.9725,21.25,-0.28,-1.31
2022-07-05,20.9725,20.9925,20.235,20.7875,20.9725,-0.18,-0.88
2022-07-06,20.7875,20.7875,19.8225,20.2675,20.7875,-0.52,-2.5
2022-07-07,20.2675,20.2675,19.0125,19.2025,20.2675,-1.06,-5.25
2022-07-08,19.2025,19.2025,18.22,18.395,19.2025,-0.81,-4.21
2022-07-11,18.395,19.215,16.6475,18.3675,18.395,-0.03,-0.15
2022-07-12,18.3675,18.6375,17.3,18.5475,18.3675,0.18,0.98
2022-07-13,18.5475,18.7625,17.735,18.52,18.5475,-0.03,-0.15
2022-07-14,18.52,18.69,17.75,18.34,18.52,-0.18,-0.97
2022-07-15,18.34,18.34,17.53,17.5975,18.34,-0.74,-4.05
2022-07-18,17.5975,18.1825,16.47,17.16,17.5975,-0.44,-2.49
2022-07-19,17.16,17.6675,16.3525,17.2025,17.16,0.04,0.25
2022-07-20,17.2025,17.2725,15.6575,16.8225,17.2025,-0.38,-2.21
2022-07-21,16.8225,17.2075,15.9725,16.8575,16.8225,0.04,0.21
2022-07-22,16.8575,16.9625,16.1625,16.65,16.8575,-0.21,-1.23
2022-07-25,16.65,17.9075,16.1775,17.68,16.65,1.03,6.19
2022-07-26,17.68,18.2675,17.355,18.17,17.68,0.49,2.77
2022-07-27,18.17,18.635,17.7525,18.13,18.17,-0.04,-0.22
2022-07-28,18.13,18.13,16.8375,17.0125,18.13,-1.12,-6.16
2022-07-29,17.0125,18.645,16.49,16.55,17.0125,-0.46,-2.72
2022-08-01,16.55,17.625,15.8925,17.485,16.55,0.93,5.65
2022-08-02,17.485,18.755,17.485,18.53,17.485,1.05,5.98
2022-08-03,18.53,19.1725,17.95,18.45,18.53,-0.08,-0.43
2022-08-04,18.45,21.06,17.625,19.2575,18.45,0.81,4.38
2022-08-05,19.2575,19.39,18.0075,18.915,19.2575,-0.34,-1.78
2022-08-08,18.915,20.18,17.78,19.3025,18.915,0.39,2.05
2022-08-10,19.3025,20.77,18.8575,19.5875,19.3025,0.29,1.48
2022-08-11,19.5875,19.5875,18.2,18.355,19.5875,-1.23,-6.29
2022-08-12,18.355,18.525,17.41,17.6075,18.355,-0.75,-4.07
2022-08-16,17.6075,18.355,17.005,17.685,17.6075,0.08,0.44
2022-08-17,17.685,17.7875,16.5475,17.6775,17.685,-0.01,-0.04
2022-08-18,17.6775,18.44,16.715,17.35,17.6775,-0.33,-1.85
2022-08-19,17.35,18.5675,16.875,18.285,17.35,0.93,5.39
2022-08-22,18.285,19.295,17.2,19.0375,18.285,0.75,4.12
2022-08-23,19.0375,19.59,18.1775,19.05,19.0375,0.01,0.07
2022-08-24,19.05,19.3425,17.9875,18.43,19.05,-0.62,-3.25
2022-08-25,18.43,20.215,17.275,19.57,18.43,1.14,6.19
2022-08-26,19.57,19.57,15.825,18.215,19.57,-1.36,-6.92
2022-08-29,18.215,21.205,18.215,19.8225,18.215,1.61,8.83
2022-08-30,19.8225,19.8225,17.2575,18.7,19.8225,-1.12,-5.66
2022-09-01,18.7,20.9875,18.105,19.8725,18.7,1.17,6.27
2022-09-02,19.8725,20.1425,17.4025,19.55,19.8725,-0.32,-1.62
2022-09-05,19.55,20.29,19.45,19.6625,19.55,0.11,0.58
2022-09-06,19.6625,20.0,18.645,19.525,19.6625,-0.14,-0.7
2022-09-07,19.525,20.175,18.2775,19.3675,19.525,-0.16,-0.81
2022-09-08,19.3675,19.3675,17.3025,18.305,19.3675,-1.06,-5.49
2022-09-09,18.305,18.51,16.545,17.7175,18.305,-0.59,-3.21
2022-09-12,17.7175,18.3825,16.3925,17.9375,17.7175,0.22,1.24
2022-09-13,17.9375,17.9375,16.8575,17.47,17.9375,-0.47,-2.61
2022-09-13,17.9375,17.9375,16.8575,17.47,17.9375,-0.47,-2.61
2022-09-14,17.47,18.565,17.26,18.2775,17.47,0.81,4.62
2022-09-15,18.2775,19.215,16.78,18.3925,18.2775,0.11,0.63
2022-09-16,18.3925,20.2425,18.3,19.8225,18.3925,1.43,7.77
2022-09-19,19.8225,21.205,16.4725,19.94,19.8225,0.12,0.59
2022-09-20,19.94,19.94,18.1125,18.7975,19.94,-1.14,-5.73
2022-09-21,18.7975,20.29,18.305,19.325,18.7975,0.53,2.81
2022-09-22,19.325,20.1375,17.4075,18.815,19.325,-0.51,-2.64
2022-09-23,18.815,20.8125,17.345,20.5925,18.815,1.78,9.45
2022-09-26,20.5925,22.8975,18.805,21.8925,20.5925,1.3,6.31
2022-09-27,21.8925,22.2925,20.7875,21.5675,21.8925,-0.32,-1.48
2022-09-28,21.5675,22.3625,21.49,22.095,21.5675,0.53,2.45
2022-09-29,22.095,22.2875,21.065,21.3025,22.095,-0.79,-3.59
2022-09-30,21.3025,21.9875,19.6975,19.9675,21.3025,-1.33,-6.27
2022-10-03,19.9675,21.68,19.9675,21.365,19.9675,1.4,7.0
2022-10-04,21.365,21.365,19.4475,19.57,21.365,-1.79,-8.4
2022-10-06,19.57,20.02,18.585,19.315,19.57,-0.25,-1.3
2022-10-07,19.315,19.725,18.6875,18.8125,19.315,-0.5,-2.6
2022-10-10,18.8125,20.34,18.8125,19.6225,18.8125,0.81,4.31
2022-10-11,19.6225,20.8175,19.09,20.49,19.6225,0.87,4.42
2022-10-12,20.49,20.885,19.885,20.175,20.49,-0.31,-1.54
2022-10-13,20.175,20.9425,18.4025,20.29,20.175,0.11,0.57
2022-10-14,20.29,20.63,18.075,18.2575,20.29,-2.03,-10.02
2022-10-17,18.2575,19.0775,18.2575,18.4175,18.2575,0.16,0.88
2022-10-18,18.4175,18.4175,16.575,17.4525,18.4175,-0.96,-5.24
2022-10-19,17.4525,17.555,16.2275,17.4875,17.4525,0.04,0.2
2022-10-20,17.4875,17.7625,15.5675,17.2325,17.4875,-0.25,-1.46
2022-10-21,17.2325,17.4275,16.585,17.28,17.2325,0.05,0.28
2022-10-24,17.28,17.6725,17.07,17.4225,17.28,0.14,0.82
2022-10-25,17.4225,17.6175,16.49,16.88,17.4225,-0.54,-3.11
2022-10-27,16.88,17.07,14.79,16.5975,16.88,-0.28,-1.67
2022-10-28,16.5975,17.0375,15.8475,15.9225,16.5975,-0.68,-4.07
2022-10-31,15.9225,16.63,15.07,15.8025,15.9225,-0.12,-0.75
2022-11-01,15.8025,16.2025,15.1075,16.13,15.8025,0.33,2.07
2022-11-02,16.13,16.855,14.68,16.6625,16.13,0.53,3.3
2022-11-03,16.6625,16.7325,14.985,15.9425,16.6625,-0.72,-4.32
2022-11-04,15.9425,16.2075,15.4825,15.655,15.9425,-0.29,-1.8
2022-11-07,15.655,16.355,15.2775,15.585,15.655,-0.07,-0.45
2022-11-09,15.585,16.0675,15.0175,15.915,15.585,0.33,2.12
2022-11-10,15.915,16.2925,15.4925,15.5675,15.915,-0.35,-2.18
2022-11-11,15.5675,15.5675,14.2775,14.405,15.5675,-1.16,-7.47
2022-11-14,14.405,15.27,12.555,14.91,14.405,0.51,3.51
2022-11-15,14.91,15.015,13.8275,14.635,14.91,-0.28,-1.84
2022-11-16,14.635,15.5325,13.9275,15.1,14.635,0.46,3.18
2022-11-17,15.1,16.2625,13.09,14.8775,15.1,-0.22,-1.47
2022-11-18,14.8775,15.6925,13.86,14.39,14.8775,-0.49,-3.28
2022-11-21,14.39,15.5475,13.3625,14.7975,14.39,0.41,2.83
2022-11-22,14.7975,16.2725,13.32,13.8425,14.7975,-0.96,-6.45
2022-11-23,13.8425,14.3275,11.875,14.0425,13.8425,0.2,1.44
2022-11-24,14.0425,14.0425,12.9975,13.4775,14.0425,-0.57,-4.02
2022-11-25,13.4775,15.7725,12.7725,13.3325,13.4775,-0.14,-1.08
2022-11-28,13.3325,14.0575,12.41,13.565,13.3325,0.23,1.74
2022-11-29,13.565,14.62,12.4075,13.615,13.565,0.05,0.37
2022-11-30,13.615,14.05,12.7525,13.8075,13.615,0.19,1.41
2022-12-01,13.8075,14.23,12.985,13.36,13.8075,-0.45,-3.24
2022-12-02,13.36,14.0925,12.96,13.45,13.36,0.09,0.67
2022-12-05,13.45,14.4175,13.45,13.7325,13.45,0.28,2.1
2022-12-06,13.7325,14.2525,12.18,14.0425,13.7325,0.31,2.26
2022-12-07,14.0425,14.4625,13.795,14.0775,14.0425,0.04,0.25
2022-12-08,14.0775,14.89,13.26,13.3975,14.0775,-0.68,-4.83
2022-12-09,13.3975,13.9625,11.9125,13.4775,13.3975,0.08,0.6
2022-12-12,13.4775,14.15,12.5275,13.3175,13.4775,-0.16,-1.19
2022-12-13,13.3175,13.5775,11.4325,12.8825,13.3175,-0.44,-3.27
2022-12-14,12.8825,13.0825,11.5275,12.885,12.8825,0.0,0.02
2022-12-15,12.885,13.8825,12.5875,13.7325,12.885,0.85,6.58
2022-12-16,13.7325,14.22,12.4925,14.07,13.7325,0.34,2.46
2022-12-19,14.07,14.4875,13.5,13.5525,14.07,-0.52,-3.68
2022-12-20,13.5525,14.9225,13.04,13.78,13.5525,0.23,1.68
2022-12-21,13.78,16.01,12.4625,15.5625,13.78,1.78,12.94
2022-12-22,15.5625,16.3,14.44,15.1875,15.5625,-0.38,-2.41
2022-12-23,15.1875,16.48,14.4825,16.16,15.1875,0.97,6.4
2022-12-26,16.16,17.23,14.3075,15.9325,16.16,-0.23,-1.41
2022-12-27,15.9325,16.1325,14.925,15.29,15.9325,-0.64,-4.03
2022-12-28,15.29,15.6475,15.2725,15.395,15.29,0.11,0.69
2022-12-29,15.395,15.77,14.71,14.8125,15.395,-0.58,-3.78
2022-12-30,14.8125,15.115,14.2825,14.8675,14.8125,0.05,0.37
2023-01-02,14.8675,15.4525,14.5675,14.685,14.8675,-0.18,-1.23
2023-01-03,14.685,14.99,14.305,14.385,14.685,-0.3,-2.04
2023-01-04,14.385,15.6825,14.33,15.1975,14.385,0.81,5.65
2023-01-05,15.1975,15.6,14.8125,14.9825,15.1975,-0.21,-1.41
2023-01-06,14.9825,15.4375,14.6225,15.025,14.9825,0.04,0.28
2023-01-09,15.025,15.3775,14.53,14.6525,15.025,-0.37,-2.48
2023-01-10,14.6525,15.935,14.5625,15.51,14.6525,0.86,5.85
2023-01-11,15.51,16.225,15.115,15.435,15.51,-0.07,-0.48
2023-01-12,15.435,16.0425,14.4175,15.275,15.435,-0.16,-1.04
2023-01-13,15.275,15.6025,14.395,14.46,15.275,-0.81,-5.34
2023-01-16,14.46,15.3625,14.46,15.0225,14.46,0.56,3.89
2023-01-17,15.0225,15.31,13.84,14.59,15.0225,-0.43,-2.88
2023-01-18,14.59,14.75,12.4725,14.3725,14.59,-0.22,-1.49
2023-01-19,14.3725,14.8325,13.8925,13.96,14.3725,-0.41,-2.87
2023-01-20,13.96,14.185,11.6425,13.7875,13.96,-0.17,-1.24
2023-01-23,13.7875,14.26,13.48,13.6175,13.7875,-0.17,-1.23
2023-01-24,13.6175,13.81,13.3,13.6575,13.6175,0.04,0.29
2023-01-25,13.6575,15.4225,13.5175,14.655,13.6575,1.0,7.3
2023-01-27,14.655,18.0125,14.5825,17.32,14.655,2.67,18.18
2023-01-30,17.32,19.39,17.29,17.71,17.32,0.39,2.25
2023-01-31,17.71,18.3675,16.565,16.875,17.71,-0.84,-4.71
2023-02-01,16.875,18.54,14.8475,16.78,16.875,-0.09,-0.56
2023-02-02,16.78,17.7675,15.5075,15.7325,16.78,-1.05,-6.24
2023-02-03,15.7325,15.7575,14.27,14.3975,15.7325,-1.33,-8.49
2023-02-06,14.3975,15.205,14.185,14.6875,14.3975,0.29,2.01
2023-02-07,14.6875,14.875,13.665,14.125,14.6875,-0.56,-3.83
2023-02-08,14.125,14.2475,13.535,13.595,14.125,-0.53,-3.75
2023-02-09,13.595,13.815,12.0625,13.04,13.595,-0.56,-4.08
2023-02-10,13.04,13.2775,12.2075,12.745,13.04,-0.29,-2.26
2023-02-13,12.745,14.095,11.83,13.68,12.745,0.94,7.34
2023-02-14,13.68,13.68,12.4525,13.4525,13.68,-0.23,-1.66
2023-02-15,13.4525,13.4525,11.28,12.86,13.4525,-0.59,-4.4
2023-02-16,12.86,13.1625,10.1725,12.89,12.86,0.03,0.23
2023-02-17,12.89,13.52,10.8025,13.085,12.89,0.2,1.51
2023-02-20,13.085,13.7075,10.9225,13.3825,13.085,0.3,2.27
2023-02-21,13.3825,14.295,13.3825,14.0075,13.3825,0.63,4.67
2023-02-22,14.0075,15.915,12.3775,15.5875,14.0075,1.58,11.28
2023-02-23,15.5875,16.01,14.5175,15.075,15.5875,-0.51,-3.29
2023-02-24,15.075,15.1425,14.0075,14.185,15.075,-0.89,-5.9
2023-02-27,14.185,15.0975,13.75,13.875,14.185,-0.31,-2.19
2023-02-28,13.875,14.5675,13.5,14.02,13.875,0.14,1.05
2023-03-01,14.02,14.02,12.275,12.995,14.02,-1.03,-7.31
2023-03-02,12.995,13.55,11.1,12.97,12.995,-0.02,-0.19
2023-03-03,12.97,12.97,11.98,12.18,12.97,-0.79,-6.09
2023-03-06,12.18,12.4725,11.8375,12.2675,12.18,0.09,0.72
2023-03-08,12.2675,12.8475,11.8975,12.45,12.2675,0.18,1.49
2023-03-09,12.45,12.8425,11.78,12.725,12.45,0.28,2.21
2023-03-10,12.725,13.8175,12.725,13.4125,12.725,0.69,5.4
2023-03-13,13.4125,16.4275,13.4125,16.215,13.4125,2.8,20.89
2023-03-14,16.215,16.6425,15.0025,16.2175,16.215,0.0,0.02
2023-03-15,16.2175,16.505,14.5175,16.295,16.2175,0.08,0.48
2023-03-16,16.295,17.355,13.95,16.2175,16.295,-0.08,-0.48
2023-03-17,16.2175,16.2175,14.6,14.7675,16.2175,-1.45,-8.94
2023-03-20,14.7675,17.22,14.52,16.0075,14.7675,1.24,8.4
2023-03-21,16.0075,16.035,14.0825,15.0825,16.0075,-0.93,-5.78
2023-03-22,15.0825,15.0925,14.2425,14.8075,15.0825,-0.28,-1.82
2023-03-23,14.8075,15.0575,13.9025,14.49,14.8075,-0.32,-2.14
2023-03-24,14.49,15.43,14.2025,15.24,14.49,0.75,5.18
2023-03-27,15.24,16.0925,15.0975,15.445,15.24,0.21,1.35
2023-03-28,15.445,15.6075,14.865,15.1,15.445,-0.35,-2.23
2023-03-29,15.1,15.1,13.32,13.6275,15.1,-1.47,-9.75
2023-03-31,13.6275,13.6275,12.0725,12.935,13.6275,-0.69,-5.08
2023-04-03,12.935,13.49,12.465,12.585,12.935,-0.35,-2.71
2023-04-05,12.585,12.805,12.0525,12.4125,12.585,-0.17,-1.37
2023-04-06,12.4125,12.57,11.65,11.7975,12.4125,-0.62,-4.95
2023-04-10,11.7975,12.5625,11.7975,12.2725,11.7975,0.48,4.03
2023-04-11,12.2725,12.2725,11.665,11.975,12.2725,-0.3,-2.42
2023-04-12,11.975,12.395,11.975,12.2725,11.975,0.3,2.48
2023-04-13,12.2725,12.51,11.84,11.9075,12.2725,-0.37,-2.97
2023-04-17,11.9075,13.2725,11.9075,12.265,11.9075,0.36,3.0
2023-04-18,12.265,12.525,11.8625,12.075,12.265,-0.19,-1.55
2023-04-19,12.075,12.47,11.1075,12.1525,12.075,0.08,0.64
2023-04-20,12.1525,12.3975,11.58,11.94,12.1525,-0.21,-1.75
2023-04-21,11.94,12.04,11.52,11.63,11.94,-0.31,-2.6
2023-04-24,11.63,12.205,11.58,11.6675,11.63,0.04,0.32
2023-04-25,11.6675,11.8125,11.425,11.52,11.6675,-0.15,-1.26
2023-04-26,11.52,11.8975,11.2975,11.6525,11.52,0.13,1.15
2023-04-27,11.6525,12.02,10.96,11.425,11.6525,-0.23,-1.95
2023-04-28,11.425,11.5425,10.7875,10.9475,11.425,-0.48,-4.18
2023-05-02,10.9475,12.0625,10.9475,11.8975,10.9475,0.95,8.68
2023-05-03,11.8975,12.25,11.13,11.84,11.8975,-0.06,-0.48
2023-05-04,11.84,12.03,11.185,11.7325,11.84,-0.11,-0.91
2023-05-05,11.7325,12.375,11.53,12.295,11.7325,0.56,4.79
2023-05-08,12.295,12.91,11.7225,12.635,12.295,0.34,2.77
2023-05-09,12.635,12.815,11.6575,12.6775,12.635,0.04,0.34
2023-05-10,12.6775,13.2975,11.5425,13.0825,12.6775,0.4,3.19
2023-05-11,13.0825,13.74,12.815,13.215,13.0825,0.13,1.01
2023-05-12,13.215,13.51,12.7375,12.8525,13.215,-0.36,-2.74
2023-05-15,12.8525,13.615,12.5375,13.1725,12.8525,0.32,2.49
2023-05-16,13.1725,13.485,11.71,13.2925,13.1725,0.12,0.91
2023-05-17,13.2925,13.58,11.895,13.105,13.2925,-0.19,-1.41
2023-05-18,13.105,13.105,11.1375,12.795,13.105,-0.31,-2.37
2023-05-19,12.795,12.82,11.6875,12.3025,12.795,-0.49,-3.85
2023-05-22,12.3025,12.82,11.555,12.57,12.3025,0.27,2.17
2023-05-23,12.57,13.075,12.3175,12.605,12.57,0.04,0.28
2023-05-24,12.605,13.4375,12.41,13.1125,12.605,0.51,4.03
2023-05-25,13.1125,13.1325,8.1825,12.52,13.1125,-0.59,-4.52
2023-05-26,12.52,12.8575,11.7,11.9,12.52,-0.62,-4.95
2023-05-29,11.9,12.4925,8.8075,12.2975,11.9,0.4,3.34
2023-05-30,12.2975,12.38,11.7675,12.01,12.2975,-0.29,-2.34
2023-05-31,12.01,12.4675,11.58,11.9725,12.01,-0.04,-0.31
2023-06-01,11.9725,11.9725,11.22,11.5975,11.9725,-0.38,-3.13
2023-06-02,11.5975,11.735,10.86,11.125,11.5975,-0.47,-4.07
2023-06-05,11.125,11.335,10.3225,11.1375,11.125,0.01,0.11
2023-06-06,11.1375,11.6175,10.465,11.38,11.1375,0.24,2.18
2023-06-07,11.38,11.5375,9.6375,11.4425,11.38,0.06,0.55
2023-06-08,11.4425,11.5675,10.13,11.2575,11.4425,-0.19,-1.62
2023-06-09,11.2575,11.2975,10.3075,11.12,11.2575,-0.14,-1.22
2023-06-12,11.12,11.8025,10.5825,11.245,11.12,0.13,1.12
2023-06-13,11.245,11.25,9.99,11.11,11.245,-0.13,-1.2
2023-06-14,11.11,11.3675,10.6325,11.1625,11.11,0.05,0.47
2023-06-15,11.1625,11.37,9.6925,11.08,11.1625,-0.08,-0.74
2023-06-16,11.08,11.08,10.5575,10.84,11.08,-0.24,-2.17
2023-06-19,10.84,11.4975,10.33,11.225,10.84,0.38,3.55
2023-06-20,11.225,11.4375,10.5675,11.1325,11.225,-0.09,-0.82
2023-06-21,11.1325,11.4325,10.77,11.2925,11.1325,0.16,1.44
2023-06-22,11.2925,11.7125,10.6925,11.5475,11.2925,0.25,2.26
2023-06-23,11.5475,11.8375,11.1425,11.235,11.5475,-0.31,-2.71
2023-06-26,11.235,11.925,11.235,11.395,11.235,0.16,1.42
2023-06-27,11.395,11.4225,10.6925,10.7775,11.395,-0.62,-5.42
2023-06-28,10.7775,11.535,10.6525,10.8875,10.7775,0.11,1.02
2023-06-30,10.8875,11.215,10.07,10.8,10.8875,-0.09,-0.8
2023-07-03,10.8,12.03,10.8,11.54,10.8,0.74,6.85
2023-07-04,11.54,11.99,11.5225,11.7,11.54,0.16,1.39
2023-07-05,11.7,12.21,11.5675,11.8825,11.7,0.18,1.56
2023-07-06,11.8825,12.205,11.7775,11.84,11.8825,-0.04,-0.36
2023-07-07,11.84,12.0725,11.08,11.5325,11.84,-0.31,-2.6
2023-07-10,11.5325,12.01,11.36,11.4625,11.5325,-0.07,-0.61
2023-07-11,11.4625,11.4625,10.945,11.0125,11.4625,-0.45,-3.93
2023-07-12,11.0125,11.2,10.72,10.935,11.0125,-0.08,-0.7
2023-07-13,10.935,11.1725,10.695,10.9375,10.935,0.0,0.02
2023-07-14,10.9375,10.9375,10.6125,10.6825,10.9375,-0.26,-2.33
2023-07-17,10.6825,11.3975,9.8575,11.315,10.6825,0.63,5.92
2023-07-18,11.315,12.02,11.0675,11.71,11.315,0.4,3.49
2023-07-19,11.71,11.9375,11.54,11.6,11.71,-0.11,-0.94
2023-07-20,11.6,12.255,11.37,11.785,11.6,0.19,1.59
2023-07-21,11.785,12.0325,11.06,11.485,11.785,-0.3,-2.55
2023-07-24,11.485,11.995,10.5375,11.6525,11.485,0.17,1.46
2023-07-25,11.6525,11.6525,10.1125,10.2425,11.6525,-1.41,-12.1
2023-07-26,10.2425,10.8625,10.2175,10.4575,10.2425,0.21,2.1
2023-07-27,10.4575,10.9825,9.8875,10.5125,10.4575,0.05,0.53
2023-07-28,10.5125,10.81,10.035,10.135,10.5125,-0.38,-3.59
2023-07-31,10.135,11.1875,10.135,10.4125,10.135,0.28,2.74
2023-08-01,10.4125,10.7025,10.195,10.2825,10.4125,-0.13,-1.25
2023-08-02,10.2825,11.805,9.95,11.2775,10.2825,0.99,9.68
2023-08-03,11.2775,11.96,10.9825,11.185,11.2775,-0.09,-0.82
2023-08-04,11.185,11.185,10.4825,10.5725,11.185,-0.61,-5.48
2023-08-07,10.5725,11.4175,10.4025,11.1025,10.5725,0.53,5.01
2023-08-08,11.1025,11.53,11.1025,11.325,11.1025,0.22,2.0
2023-08-09,11.325,11.765,10.485,11.14,11.325,-0.18,-1.63
2023-08-10,11.14,11.91,10.6275,11.4,11.14,0.26,2.33
2023-08-11,11.4,11.865,11.355,11.5225,11.4,0.12,1.07
2023-08-14,11.5225,12.755,10.4775,11.995,11.5225,0.47,4.1
2023-08-16,11.995,12.6825,11.995,12.125,11.995,0.13,1.08
2023-08-17,12.125,12.665,12.1125,12.24,12.125,0.12,0.95
2023-08-18,12.24,12.4925,10.7875,12.1425,12.24,-0.1,-0.8
2023-08-21,12.1425,12.59,11.1725,11.96,12.1425,-0.18,-1.5
2023-08-22,11.96,12.085,11.59,11.7475,11.96,-0.21,-1.78
2023-08-23,11.7475,11.885,10.3075,11.7275,11.7475,-0.02,-0.17
2023-08-24,11.7275,12.235,10.1975,11.7,11.7275,-0.03,-0.23
2023-08-25,11.7,12.2425,9.98,12.0825,11.7,0.38,3.27
2023-08-28,12.0825,12.72,9.5,12.3975,12.0825,0.32,2.61
2023-08-29,12.3975,12.4625,10.6475,12.225,12.3975,-0.17,-1.39
2023-08-30,12.225,12.2425,11.4625,11.8,12.225,-0.42,-3.48
2023-08-31,11.8,12.28,11.76,12.0625,11.8,0.26,2.22
2023-09-01,12.0625,12.18,10.4075,11.365,12.0625,-0.7,-5.78
2023-09-04,11.365,11.5425,10.86,10.9625,11.365,-0.4,-3.54
2023-09-05,10.9625,11.085,9.365,10.815,10.9625,-0.15,-1.35
2023-09-06,10.815,10.975,9.805,10.6775,10.815,-0.14,-1.27
2023-09-07,10.6775,11.025,9.8,10.8725,10.6775,0.2,1.83
2023-09-08,10.8725,10.97,10.0775,10.78,10.8725,-0.09,-0.85
2023-09-11,10.78,11.5,10.3375,11.3475,10.78,0.57,5.26
2023-09-12,11.3475,12.0225,10.7125,11.69,11.3475,0.34,3.02
2023-09-13,11.69,12.0475,11.535,11.8275,11.69,0.14,1.18
